,BATSMEN,R,M,B,4s,6s,SR
0,DAWarner(c),14,10,8,2,1,175
1,SDhawan,40,51,31,5,0,129.03
2,MCHenriques,52,67,37,3,2,140.54
3,YuvrajSingh,62,49,27,7,3,229.62
4,DJHooda,16,29,12,0,1,133.33
5,BCJCutting,16,6,6,0,2,266.66
7,CHGayle,32,30,21,2,3,152.38
8,MandeepSingh,24,26,16,5,0,150
9,TMHead,30,39,22,3,0,136.36
10,KMJadhav?Çá,31,38,16,4,1,193.75
11,SRWatson(c),22,31,17,1,1,129.41
12,SachinBaby,1,5,3,0,0,33.33
13,STRBinny,11,14,10,0,1,110
14,SAravind,0,5,2,0,0,0
15,TSMills,6,6,3,0,1,200
16,YSChahal,3,9,7,0,0,42.85
17,AChoudhary,6,4,2,0,1,300
18,PAPatel?Çá,19,20,14,4,0,135.71
19,JCButtler,38,32,19,3,3,200
20,RGSharma(c),3,9,7,0,0,42.85
21,NRana,34,41,28,1,2,121.42
22,ATRayudu,10,20,12,0,0,83.33
23,KHPandya,3,8,5,0,0,60
24,KAPollard,27,27,17,3,1,158.82
25,HHPandya,35,28,15,1,4,233.33
26,TGSouthee,7,8,3,0,1,233.33
27,MJMcClenaghan,0,1,0,0,0,-
29,AMRahane,60,48,34,6,3,176.47
30,MAAgarwal,6,15,5,1,0,120
31,SPDSmith(c),84,84,54,7,3,155.55
32,BAStokes,21,26,14,3,0,150
33,MSDhoni?Çá,12,24,12,1,0,100
34,JJRoy,14,12,12,3,0,116.66
35,BBMcCullum,35,35,24,4,2,145.83
36,SKRaina(c),68,77,51,7,0,133.33
37,AJFinch,15,9,8,0,2,187.5
38,KDKarthik?Çá,47,42,25,6,2,188
39,DRSmith,0,1,0,0,0,-
41,GGambhir(c),76,68,48,12,0,158.33
42,CALynn,93,68,41,6,8,226.82
43,AMRahane,19,30,15,1,1,126.66
44,MAAgarwal,0,4,4,0,0,0
45,SPDSmith(c),26,34,27,3,0,96.29
46,BAStokes,50,58,32,2,3,156.25
47,MSDhoni?Çá,5,17,11,0,0,45.45
48,MKTiwary,40,45,23,3,2,173.91
49,DTChristian,17,11,8,2,1,212.5
50,RBhatia,0,1,0,0,0,-
52,HMAmla,28,46,27,2,1,103.7
53,MVohra,14,10,9,1,1,155.55
54,WPSaha?Çá,14,10,9,3,0,155.55
55,ARPatel,24,28,22,1,1,109.09
56,GJMaxwell(c),44,40,20,2,4,220
57,DAMiller,30,36,27,1,2,111.11
58,CHGayle,6,17,8,1,0,75
59,SRWatson(c),24,42,24,4,0,100
60,MandeepSingh,12,10,10,3,0,120
61,KMJadhav,69,53,37,5,5,186.48
62,STRBinny,16,30,18,1,0,88.88
63,VishnuVinod?Çá,9,8,5,0,1,180
64,PNegi,10,12,8,0,1,125
65,IqbalAbdulla,5,13,7,0,0,71.42
66,TSMills,0,2,3,0,0,0
68,APTare,18,20,17,3,0,105.88
69,SWBillings,25,35,19,1,1,131.57
70,KKNair,4,4,3,1,0,133.33
71,SVSamson,13,27,12,1,0,108.33
72,RRPant?Çá,57,70,36,3,4,158.33
73,CHMorris,4,12,5,0,0,80
74,CRBrathwaite,1,8,5,0,0,20
75,PJCummins,6,11,6,1,0,100
76,AMishra,8,24,14,0,0,57.14
77,SNadeem,0,3,2,0,0,0
78,ZKhan(c),1,1,1,0,0,100
79,JJRoy,31,27,21,5,0,147.61
80,BBMcCullum,5,20,10,0,0,50
81,SKRaina(c),5,23,8,0,0,62.5
82,AJFinch,3,4,5,0,0,60
83,KDKarthik?Çá,30,54,32,2,0,93.75
84,DRSmith,37,38,27,4,1,137.03
85,DSKulkarni,1,6,2,0,0,50
86,PKumar,7,13,7,0,0,100
87,BasilThampi,13,10,8,0,1,162.5
89,DAWarner(c),76,70,45,6,4,168.88
90,SDhawan,9,12,9,0,1,100
91,MCHenriques,52,57,39,6,0,133.33
92,GGambhir(c),19,24,13,3,0,146.15
93,CALynn,32,44,24,3,1,133.33
94,RVUthappa?Çá,4,3,3,1,0,133.33
95,MKPandey,81,75,47,5,5,172.34
96,YKPathan,6,15,11,0,0,54.54
97,SAYadav,17,21,15,2,0,113.33
98,CRWoakes,9,10,8,0,0,112.5
99,SPNarine,1,10,2,0,0,50
101,PAPatel?Çá,30,37,27,3,1,111.11
102,JCButtler,28,42,22,1,2,127.27
103,NRana,50,61,29,5,3,172.41
104,RGSharma(c),2,6,6,0,0,33.33
105,KHPandya,11,11,6,2,0,183.33
106,KAPollard,17,22,17,1,1,100
107,HHPandya,29,23,11,3,2,263.63
108,HarbhajanSingh,1,8,1,0,0,100
109,SRWatson(c),1,3,4,0,0,25
110,VishnuVinod?Çá,7,15,12,1,0,58.33
111,ABdeVilliers,89,93,46,3,9,193.47
112,KMJadhav,1,9,4,0,0,25
113,MandeepSingh,28,36,34,1,1,82.35
114,STRBinny,18,34,20,1,1,90
116,MVohra,34,26,21,4,1,161.9
117,HMAmla,58,64,38,4,3,152.63
118,ARPatel,9,12,6,0,1,150
119,GJMaxwell(c),43,24,22,3,4,195.45
120,APTare,0,6,5,0,0,0
121,SWBillings,24,42,17,4,0,141.17
122,SVSamson,102,82,63,8,5,161.9
123,RRPant?Çá,31,30,22,1,2,140.9
124,CJAnderson,2,23,4,0,0,50
125,CHMorris,38,7,9,4,3,422.22
127,AMRahane(c),10,13,9,0,0,111.11
128,MAAgarwal,20,22,18,2,0,111.11
129,FduPlessis,8,18,7,1,0,114.28
130,RATripathi,10,5,5,2,0,200
131,BAStokes,2,9,5,0,0,40
132,MSDhoni?Çá,11,23,14,0,1,78.57
133,RBhatia,16,23,17,0,1,94.11
134,DLChahar,14,10,6,0,2,233.33
135,AZampa,5,11,7,1,0,71.42
136,ABDinda,7,12,7,1,0,100
137,ImranTahir,0,5,2,0,0,0
138,SDhawan,48,76,43,5,1,111.62
139,DAWarner(c),49,53,34,7,2,144.11
140,DJHooda,9,14,9,1,0,100
141,YuvrajSingh,5,16,7,1,0,71.42
142,BCJCutting,20,21,10,4,0,200
143,NVOjha?Çá,9,21,9,0,0,100
144,VShankar,1,3,2,0,0,50
145,RashidKhan,2,6,4,0,0,50
146,BKumar,4,3,3,0,0,133.33
147,ANehra,0,1,0,0,0,-
149,PAPatel?Çá,39,45,24,7,0,162.5
150,JCButtler,14,14,11,3,0,127.27
151,RGSharma(c),4,8,4,0,0,100
152,NRana,45,68,36,3,2,125
153,KAPollard,11,21,11,0,1,100
154,KHPandya,37,19,20,3,3,185
155,HHPandya,2,8,3,0,0,66.66
156,HarbhajanSingh,3,3,3,0,0,100
157,HMAmla,25,53,27,4,0,92.59
158,MVohra,28,24,19,4,1,147.36
159,MPStoinis,9,11,12,1,0,75
160,GJMaxwell(c),25,20,14,3,1,178.57
161,DAMiller,28,29,19,2,2,147.36
162,WPSaha?Çá,25,27,17,2,2,147.05
163,ARPatel,0,3,1,0,0,0
164,MMSharma,10,9,8,1,0,125
165,VRAaron,4,10,5,0,0,80
166,SandeepSharma,0,2,0,0,0,-
168,SPNarine,37,29,18,4,3,205.55
169,GGambhir(c),72,83,49,11,0,146.93
170,RVUthappa?Çá,26,22,16,3,1,162.5
171,MKPandey,25,30,16,2,1,156.25
172,CHGayle,22,42,27,2,1,81.48
173,VKohli(c),62,67,47,5,2,131.91
174,ABdeVilliers,19,31,21,0,1,90.47
175,KMJadhav?Çá,9,14,8,0,0,112.5
176,PNegi,13,18,13,0,0,100
177,MandeepSingh,0,1,1,0,0,0
178,STRBinny,6,8,4,0,0,150
180,PAPatel?Çá,3,10,8,0,0,37.5
181,JCButtler,2,7,5,0,0,40
182,RGSharma(c),0,5,2,0,0,0
183,MJMcClenaghan,0,1,1,0,0,0
184,NRana,11,26,16,1,0,68.75
185,KAPollard,70,77,47,3,5,148.93
186,KHPandya,37,60,30,3,1,123.33
187,HHPandya,9,8,4,0,1,225
188,AMRahane,0,2,3,0,0,0
189,RATripathi,33,27,17,3,2,194.11
190,SPDSmith(c),43,42,28,6,1,153.57
191,BAStokes,25,28,18,2,1,138.88
192,MKTiwary,31,47,27,2,1,114.81
193,MSDhoni?Çá,5,10,8,0,0,62.5
194,AnkitSharma,25,23,15,2,1,166.66
195,SNThakur,0,4,1,0,0,0
196,LHFerguson,1,5,1,0,0,100
197,RDChahar,3,2,2,0,0,150
199,DRSmith,47,39,30,8,1,156.66
200,BBMcCullum,49,51,32,5,3,153.12
201,SKRaina(c),35,48,22,4,1,159.09
202,KDKarthik?Çá,3,7,5,0,0,60
203,AJFinch,33,28,19,3,2,173.68
204,SPNarine,6,10,9,1,0,66.66
205,GGambhir(c),15,28,16,2,0,93.75
206,RVUthappa?Çá,68,59,39,5,4,174.35
207,MKPandey,46,59,35,3,2,131.42
208,YKPathan,21,30,15,1,1,140
209,SAYadav,4,5,3,1,0,133.33
210,CdeGrandhomme,0,3,2,0,0,0
211,CRWoakes,1,2,1,0,0,100
213,DAWarner(c),26,42,30,4,0,86.66
214,SDhawan,23,28,22,4,0,104.54
215,MCHenriques,13,19,10,2,0,130
216,YuvrajSingh,26,27,16,2,2,162.5
217,DJHooda,13,12,7,1,1,185.71
218,BCJCutting,15,21,10,1,1,150
219,NVOjha?Çá,11,25,11,0,0,100
220,BipulSharma,21,12,14,2,1,150
221,SVSamson,19,33,18,2,1,105.55
222,SWBillings,55,63,40,9,0,137.5
223,KKNair,0,3,3,0,0,0
224,SSIyer,22,19,17,3,0,129.41
225,RRPant?Çá,15,16,9,3,0,166.66
226,CJAnderson,39,37,22,3,3,177.27
227,CHMorris,16,17,8,1,1,200
228,PJCummins,12,8,6,2,0,200
230,MVohra,3,6,6,0,0,50
231,HMAmla,19,22,12,4,0,158.33
232,WPSaha?Çá,7,9,5,1,0,140
233,EJGMorgan,22,32,20,3,0,110
234,DAMiller,24,41,28,1,0,85.71
235,GJMaxwell(c),0,2,2,0,0,0
236,ARPatel,44,42,29,1,3,151.72
237,MMSharma,13,24,14,1,0,92.85
238,KCCariappa,1,2,2,0,0,50
239,SandeepSharma,2,2,2,0,0,100
240,DRSmith,0,2,2,0,0,0
241,BBMcCullum,64,65,44,6,3,145.45
242,SKRaina(c),28,49,29,2,0,96.55
243,IshanKishan,11,41,14,1,0,78.57
244,KDKarthik?Çá,48,41,26,2,2,184.61
245,JJRoy,14,12,7,1,1,200
247,PAPatel?Çá,0,1,2,0,0,0
248,JCButtler,26,55,24,1,2,108.33
249,NRana,53,43,36,4,2,147.22
250,RGSharma(c),40,51,29,3,1,137.93
251,KAPollard,39,32,23,2,3,169.56
252,HHPandya,6,8,3,1,0,200
253,AMRahane,30,37,25,5,0,120
254,RATripathi,31,41,23,3,1,134.78
255,SPDSmith(c),27,43,24,3,0,112.5
256,MSDhoni?Çá,28,37,25,3,1,112
257,BAStokes,2,8,3,0,0,66.66
258,DTChristian,1,3,3,0,0,33.33
259,MKTiwary,27,19,11,3,2,245.45
260,SNThakur,0,1,1,0,0,0
261,JDUnadkat,2,14,5,0,0,40
263,VKohli(c),28,24,19,3,1,147.36
264,MandeepSingh,0,7,3,0,0,0
265,ABdeVilliers,29,39,30,1,2,96.66
266,KMJadhav?Çá,18,45,22,0,0,81.81
267,SRWatson,14,27,18,1,0,77.77
268,STRBinny,18,17,8,2,1,225
269,PNegi,10,9,7,0,1,142.85
270,AFMilne,2,9,3,0,0,66.66
271,SBadree,0,1,1,0,0,0
272,SAravind,6,7,7,0,0,85.71
273,YSChahal,1,2,2,0,0,50
274,SVSamson,39,35,25,7,0,156
275,SWBillings,21,27,17,2,0,123.52
276,KKNair,21,43,27,1,0,77.77
277,SSIyer,26,25,17,4,0,152.94
278,RRPant?Çá,38,26,16,2,4,237.5
279,ADMathews,1,11,4,0,0,25
280,CHMorris,16,14,9,3,0,177.77
281,PJCummins,3,11,4,0,0,75
282,MohammedShami,0,1,1,0,0,0
284,GGambhir(c),14,15,12,2,0,116.66
285,CdeGrandhomme,1,3,2,0,0,50
286,RVUthappa?Çá,4,6,2,1,0,200
287,MKPandey,69,95,49,4,3,140.81
288,YKPathan,59,58,39,6,2,151.28
289,SAYadav,7,16,9,0,0,77.77
290,CRWoakes,3,11,5,0,0,60
291,SPNarine,1,2,1,0,0,100
292,DAWarner(c),70,98,54,7,2,129.62
293,SDhawan,15,24,15,1,0,100
294,MCHenriques,9,19,16,0,0,56.25
295,YuvrajSingh,0,1,1,0,0,0
296,NVOjha?Çá,34,25,20,2,1,170
297,DJHooda,12,17,10,1,0,120
298,MohammadNabi,2,3,3,0,0,66.66
299,RashidKhan,6,3,1,0,1,600
301,HMAmla,0,1,1,0,0,0
302,MVohra,95,91,50,9,5,190
303,GJMaxwell(c),10,12,12,2,0,83.33
304,EJGMorgan,13,27,17,0,1,76.47
305,DAMiller,1,6,6,0,0,16.66
306,WPSaha?Çá,0,1,2,0,0,0
307,ARPatel,7,14,12,0,0,58.33
308,MMSharma,10,12,5,0,1,200
309,KCCariappa,1,9,5,0,0,20
310,ISharma,2,10,5,0,0,40
311,SandeepSharma,5,8,4,0,0,125
312,CHGayle,77,60,38,5,7,202.63
313,VKohli(c),64,74,50,7,1,128
314,TMHead,30,34,16,2,1,187.5
315,KMJadhav?Çá,38,20,16,5,2,237.5
317,DRSmith,1,5,4,0,0,25
318,BBMcCullum,72,77,44,2,7,163.63
319,SKRaina(c),23,12,8,2,2,287.5
320,AJFinch,19,29,15,2,1,126.66
321,KDKarthik?Çá,1,8,4,0,0,25
322,RAJadeja,23,34,22,2,0,104.54
323,IshanKishan,39,25,16,2,4,243.75
324,AJTye,6,12,6,0,0,100
325,BasilThampi,0,1,1,0,0,0
326,DAWarner(c),4,9,7,0,0,57.14
327,SDhawan,70,99,50,7,1,140
328,KSWilliamson,89,79,51,6,5,174.5
329,YuvrajSingh,3,11,4,0,0,75
330,MCHenriques,12,8,6,2,0,200
331,DJHooda,9,6,4,0,1,225
333,SVSamson,42,60,33,3,2,127.27
334,SWBillings,13,7,9,3,0,144.44
335,KKNair,33,33,23,5,1,143.47
336,RRPant?Çá,0,1,1,0,0,0
337,SSIyer,50,50,31,5,2,161.29
338,ADMathews,31,31,23,2,1,134.78
339,CHMorris,0,1,0,0,0,-
340,HMAmla,104,95,60,8,6,173.33
341,SEMarsh,26,25,21,5,0,123.8
342,WPSaha?Çá,11,19,15,0,0,73.33
343,GJMaxwell(c),40,30,18,4,3,222.22
344,MPStoinis,1,4,3,0,0,33.33
345,ARPatel,4,13,5,0,0,80
347,PAPatel?Çá,37,28,18,4,2,205.55
348,JCButtler,77,63,37,7,5,208.1
349,NRana,62,49,34,0,7,182.35
350,HHPandya,15,14,4,2,1,375
351,SPNarine,42,15,17,9,1,247.05
352,GGambhir(c),33,48,28,2,1,117.85
353,RVUthappa?Çá,72,64,48,8,2,150
354,MKPandey,24,38,21,2,0,114.28
355,YKPathan,11,12,4,2,0,275
356,SAYadav,1,2,1,0,0,100
357,ShakibAlHasan,1,2,1,0,0,100
359,AJFinch,31,13,15,4,2,206.66
360,BBMcCullum,33,26,17,5,1,194.11
361,SKRaina(c),84,69,46,9,4,182.6
362,KDKarthik?Çá,3,5,3,0,0,100
363,IshanKishan,4,19,11,0,0,36.36
364,DRSmith,5,5,4,1,0,125
365,RAJadeja,19,27,13,1,1,146.15
366,JPFaulkner,4,3,2,0,0,200
367,DAWarner(c),43,75,40,3,1,107.5
368,SDhawan,30,36,29,5,0,103.44
369,KSWilliamson,21,18,14,1,1,150
370,MCHenriques,55,35,28,6,2,196.42
371,DJHooda,19,15,10,2,1,190
373,AMRahane,2,12,7,0,0,28.57
374,RATripathi,59,59,41,6,3,143.9
375,SPDSmith(c),27,32,21,1,2,128.57
376,MSDhoni?Çá,61,56,34,5,3,179.41
377,BAStokes,10,14,9,1,0,111.11
378,MKTiwary,17,27,8,3,0,212.5
379,PAPatel?Çá,8,21,11,1,0,72.72
380,JCButtler,28,27,18,3,2,155.55
381,NRana,8,17,9,1,0,88.88
382,RGSharma(c),5,16,9,0,0,55.55
383,KAPollard,26,51,29,4,0,89.65
384,KHPandya,17,23,16,1,0,106.25
385,HHPandya,24,35,23,0,2,104.34
386,HarbhajanSingh,2,9,2,0,0,100
387,MJMcClenaghan,1,5,1,0,0,100
388,MGJohnson,7,2,3,1,0,233.33
390,SVSamson,9,7,6,2,0,150
391,APTare,0,3,1,0,0,0
392,KKNair,5,32,15,0,0,33.33
393,SSIyer,6,10,7,1,0,85.71
394,CJAnderson,0,3,3,0,0,0
395,RRPant?Çá,0,7,3,0,0,0
396,KRabada,44,63,39,4,1,112.82
397,CHMorris,52,67,41,5,1,126.82
398,PJCummins,4,9,5,0,0,80
399,MVohra,2,5,4,0,0,50
400,HMAmla,65,56,40,9,2,162.5
401,SEMarsh,30,32,24,4,1,125
402,GJMaxwell(c),31,19,18,1,3,172.22
403,MPStoinis,7,20,9,0,0,77.77
404,ARPatel,34,23,17,3,2,200
405,WPSaha?Çá,10,10,5,0,1,200
406,MMSharma,4,5,3,0,0,133.33
408,BBMcCullum,6,4,6,1,0,100
409,AJFinch,13,30,12,0,1,108.33
410,SKRaina(c),32,42,24,4,0,133.33
411,KDKarthik?Çá,58,69,44,6,0,131.81
412,RAJadeja,9,12,7,1,0,128.57
413,DRSmith,4,2,4,1,0,100
414,ADNath,0,2,1,0,0,0
415,AJTye,22,15,12,2,1,183.33
416,BasilThampi,11,17,10,1,0,110
417,SPNarine,34,33,17,6,1,200
418,GGambhir(c),14,22,11,1,1,127.27
419,RVUthappa?Çá,11,16,9,2,0,122.22
420,MKPandey,15,26,16,1,0,93.75
421,YKPathan,8,11,8,0,0,100
422,SAYadav,15,37,19,1,0,78.94
423,CdeGrandhomme,0,1,2,0,0,0
424,CRWoakes,18,19,21,3,0,85.71
425,NMCoulter-Nile,2,4,3,0,0,66.66
426,UTYadav,2,11,4,0,0,50
427,KuldeepYadav,4,9,7,0,0,57.14
429,CHGayle,7,37,17,1,0,41.17
430,VKohli(c),0,3,1,0,0,0
431,MandeepSingh,1,4,3,0,0,33.33
432,ABdeVilliers,8,5,6,2,0,133.33
433,KMJadhav?Çá,9,9,7,2,0,128.57
434,STRBinny,8,15,9,2,0,88.88
435,PNegi,2,6,3,0,0,66.66
436,SBadree,0,9,3,0,0,0
437,TSMills,2,11,5,0,0,40
438,SAravind,5,8,4,1,0,125
439,YSChahal,0,2,2,0,0,0
440,AMRahane,38,43,32,5,1,118.75
441,RATripathi,45,51,31,3,2,145.16
442,SPDSmith(c),17,14,12,2,0,141.66
443,MSDhoni?Çá,7,32,11,0,0,63.63
444,BAStokes,17,17,12,2,0,141.66
445,MKTiwary,22,19,13,4,0,169.23
446,DTChristian,8,13,7,1,0,114.28
447,WashingtonSundar,2,1,2,0,0,100
449,PAPatel?Çá,33,42,27,4,0,122.22
450,JCButtler,17,19,13,3,0,130.76
451,NRana,3,16,9,0,0,33.33
452,RGSharma(c),58,61,39,6,3,148.71
453,KVSharma,11,13,10,0,1,110
454,KAPollard,9,20,9,1,0,100
455,HHPandya,13,16,11,2,0,118.18
456,HarbhajanSingh,7,7,2,0,1,350
457,MJMcClenaghan,0,1,0,0,0,-
458,MGJohnson,0,1,0,0,0,-
459,AMRahane,46,57,41,4,1,112.19
460,RATripathi,38,32,23,7,0,165.21
461,SPDSmith(c),51,56,37,4,1,137.83
462,MSDhoni?Çá,23,16,11,1,2,209.09
463,MKTiwary,1,1,2,0,0,50
464,DTChristian,16,12,6,0,2,266.66
466,SPNarine,16,11,11,3,0,145.45
467,GGambhir(c),62,83,46,6,1,134.78
468,RVUthappa?Çá,87,66,47,7,6,185.1
469,DMBravo,6,8,5,1,0,120
470,MKPandey,0,3,0,0,0,-
471,CHGayle,8,22,11,1,0,72.72
472,VKohli(c),10,19,13,0,1,76.92
473,ABdeVilliers,5,29,11,0,0,45.45
474,TMHead,0,1,1,0,0,0
475,KMJadhav?Çá,31,18,18,4,1,172.22
476,MandeepSingh,8,34,14,0,0,57.14
477,PNegi,32,16,19,3,2,168.42
478,SBadree,3,5,3,0,0,100
479,SAravind,9,22,16,0,0,56.25
480,AChoudhary,15,18,12,1,0,125
481,YSChahal,1,1,2,0,0,50
483,IshanKishan,16,9,11,4,0,145.45
484,BBMcCullum,3,19,6,0,0,50
485,SKRaina(c),34,55,30,4,1,113.33
486,AJFinch,72,39,34,5,6,211.76
487,RAJadeja,2,5,4,0,0,50
488,SVSamson,60,66,38,4,3,157.89
489,KKNair,15,22,17,3,0,88.23
490,SSIyer,47,52,34,4,1,138.23
491,RRPant?Çá,6,4,4,1,0,150
492,CHMorris,11,23,10,1,0,110
493,CJAnderson,2,8,5,0,0,40
494,ARBawne,12,14,12,1,0,100
495,PJCummins,0,1,0,0,0,-
497,SPNarine,4,6,4,1,0,100
498,GGambhir(c),71,87,52,11,0,136.53
499,RVUthappa?Çá,59,57,33,5,4,178.78
500,MKPandey,5,11,4,1,0,125
501,SPJackson,12,10,5,2,0,240
502,DAWarner(c),51,44,27,4,4,188.88
503,SDhawan,77,63,48,9,1,160.41
504,KSWilliamson,54,44,27,4,2,200
505,YuvrajSingh,15,11,12,2,0,125
506,MCHenriques,7,13,6,0,0,116.66
508,MJGuptill,23,11,11,4,1,209.09
509,MVohra,3,18,6,0,0,50
510,SEMarsh,84,62,50,14,2,168
511,GJMaxwell(c),0,6,2,0,0,0
512,EJGMorgan,26,33,21,2,1,123.8
513,WPSaha?Çá,2,8,4,0,0,50
514,ARPatel,16,19,9,2,0,177.77
515,AnureetSingh,15,23,12,2,0,125
516,MMSharma,2,7,4,0,0,50
517,ISharma,5,1,2,1,0,250
518,AMRahane,6,14,8,0,0,75
519,RATripathi,37,36,28,4,1,132.14
520,SPDSmith(c),45,41,32,5,1,140.62
521,MKTiwary,44,49,35,4,1,125.71
522,MSDhoni?Çá,21,29,17,1,1,123.52
524,TMHead,2,9,5,0,0,40
525,VKohli(c),55,87,48,4,1,114.58
526,ABdeVilliers,3,11,8,0,0,37.5
527,KMJadhav?Çá,7,15,12,1,0,58.33
528,SachinBaby,2,8,4,0,0,50
529,STRBinny,1,4,7,0,0,14.28
530,PNegi,3,11,7,0,0,42.85
531,AFMilne,5,10,8,0,0,62.5
532,SBadree,2,7,7,0,0,28.57
533,SAravind,8,15,5,1,0,160
534,YSChahal,4,10,9,0,0,44.44
535,IshanKishan,48,54,35,6,2,137.14
536,BBMcCullum,6,10,4,1,0,150
537,SKRaina(c),1,9,3,0,0,33.33
538,AJFinch,0,7,3,0,0,0
539,KDKarthik?Çá,2,12,8,0,0,25
540,RAJadeja,28,23,21,2,1,133.33
541,JPFaulkner,21,38,27,2,0,77.77
542,IKPathan,2,8,3,0,0,66.66
543,AJTye,25,16,12,2,2,208.33
544,BasilThampi,2,6,4,0,0,50
545,AnkitSoni,7,4,2,0,1,350
547,PAPatel?Çá,70,62,44,9,1,159.09
548,JCButtler,9,17,7,2,0,128.57
549,NRana,19,22,16,1,1,118.75
550,RGSharma(c),5,16,13,0,0,38.46
551,KAPollard,15,18,11,2,0,136.36
552,KHPandya,29,40,20,2,1,145
553,HHPandya,4,9,5,0,0,80
554,HarbhajanSingh,0,4,1,0,0,0
555,MJMcClenaghan,1,2,1,0,0,100
556,JJBumrah,0,3,1,0,0,0
557,SLMalinga,0,4,1,0,0,0
558,SVSamson,5,14,14,1,0,35.71
559,SWBillings,0,3,2,0,0,0
560,KKNair(c),11,28,10,0,1,110
561,SSIyer,6,9,7,1,0,85.71
562,RRPant?Çá,3,16,6,0,0,50
563,CJAnderson,18,29,25,0,1,72
564,CHMorris,2,2,5,0,0,40
565,KRabada,11,25,20,1,0,55
566,AMishra,4,17,9,0,0,44.44
567,MohammedShami,2,6,4,0,0,50
568,SNadeem,0,2,1,0,0,0
570,MJGuptill,50,32,27,6,3,185.18
571,HMAmla,16,32,20,1,0,80
572,DAWarner(c),126,80,59,10,8,213.55
573,SDhawan,29,60,30,2,1,96.66
574,KSWilliamson,40,39,25,5,0,160
575,YuvrajSingh,6,19,6,0,0,100
577,SPNarine,1,5,4,0,0,25
578,GGambhir(c),11,11,11,2,0,100
579,RVUthappa?Çá,53,55,28,4,4,189.28
580,MKPandey,39,40,29,3,0,134.48
581,YKPathan,12,23,13,0,0,92.3
582,SPJackson,16,28,17,1,0,94.11
583,CdeGrandhomme,18,19,15,1,1,120
584,CRWoakes,6,5,3,1,0,200
585,VKohli(c),20,24,14,0,2,142.85
586,MandeepSingh,17,16,13,3,0,130.76
587,TMHead,12,30,15,1,0,80
588,ABdeVilliers,43,30,27,3,3,159.25
589,KMJadhav?Çá,28,49,22,2,0,127.27
590,SRWatson,3,8,5,0,0,60
591,PNegi,35,30,23,1,3,152.17
592,AFMilne,0,3,1,0,0,0
593,SAravind,0,1,0,0,0,-
595,PAPatel?Çá,0,1,1,0,0,0
596,JCButtler,33,37,21,4,1,157.14
597,NRana,27,44,28,4,0,96.42
598,RGSharma(c),56,65,37,6,1,151.35
599,KAPollard,17,14,13,2,0,130.76
600,KHPandya,2,4,2,0,0,100
601,KVSharma,9,17,8,1,0,112.5
602,HHPandya,14,18,9,0,1,155.55
603,IshanKishan,31,25,24,3,2,129.16
604,BBMcCullum,45,58,27,5,2,166.66
605,SKRaina(c),8,12,8,0,0,100
606,AJFinch,13,8,6,1,1,216.66
607,DRSmith,0,1,1,0,0,0
608,KDKarthik?Çá,29,49,26,3,0,111.53
609,RAJadeja,19,15,12,3,0,158.33
610,JPFaulkner,6,12,7,0,0,85.71
611,PJSangwan,1,2,2,0,0,50
612,BasilThampi,2,10,5,0,0,40
613,AnkitSoni,0,1,1,0,0,0
615,AMRahane,4,3,4,1,0,100
616,RATripathi,6,28,7,1,0,85.71
617,SPDSmith(c),4,2,2,1,0,200
618,MKTiwary,0,2,2,0,0,0
619,BAStokes,103,85,63,7,6,163.49
620,MSDhoni?Çá,26,45,33,1,1,78.78
621,DTChristian,17,20,8,1,1,212.5
622,DAWarner(c),30,21,21,4,1,142.85
623,SDhawan,28,38,17,4,1,164.7
624,KSWilliamson,24,31,24,1,1,100
625,YuvrajSingh,70,56,41,11,1,170.73
626,MCHenriques,25,41,18,2,0,138.88
628,SVSamson,24,19,19,2,1,126.31
629,KKNair(c),39,39,20,5,2,195
630,RRPant?Çá,34,36,20,4,1,170
631,SSIyer,33,35,25,1,2,132
632,CJAnderson,41,38,24,2,3,170.83
633,CHMorris,15,19,7,1,1,214.28
634,SPNarine,0,4,6,0,0,0
635,GGambhir(c),24,26,19,3,1,126.31
636,SPJackson?Çá,10,15,9,2,0,111.11
637,MKPandey,37,45,32,4,1,115.62
638,YKPathan,4,16,9,0,0,44.44
639,CdeGrandhomme,36,31,19,3,2,189.47
640,SAYadav,30,33,16,2,2,187.5
641,CRWoakes,1,7,3,0,0,33.33
642,NMCoulter-Nile,6,11,5,0,1,120
643,UTYadav,2,2,2,0,0,100
645,AMRahane,11,6,9,2,0,122.22
646,RATripathi,93,84,52,9,7,178.84
647,SPDSmith(c),9,15,9,0,1,100
648,MKTiwary,8,15,9,1,0,88.88
649,BAStokes,14,24,15,1,0,93.33
650,MSDhoni?Çá,5,10,9,0,0,55.55
651,DTChristian,9,14,10,0,1,90
652,WashingtonSundar,1,4,3,0,0,33.33
653,DRSmith,9,10,4,2,0,225
654,BBMcCullum,1,5,3,0,0,33.33
655,SKRaina(c),77,65,43,5,4,179.06
656,KDKarthik?Çá,65,68,34,5,5,191.17
657,AJFinch,27,30,19,4,0,142.1
658,IshanKishan,4,14,6,0,0,66.66
659,RAJadeja,18,15,7,0,2,257.14
660,JPFaulkner,1,3,3,0,0,33.33
661,PJSangwan,1,3,1,0,0,100
663,SVSamson,61,64,31,0,7,196.77
664,KKNair(c),12,14,11,2,0,109.09
665,RRPant?Çá,97,56,43,6,9,225.58
666,SSIyer,14,26,8,0,2,175
667,CJAnderson,18,19,12,0,2,150
668,HMAmla,1,3,3,0,0,33.33
669,MJGuptill,9,15,10,1,0,90
670,SEMarsh,20,26,17,3,0,117.64
671,MVohra,25,34,28,1,1,89.28
672,WPSaha?Çá,21,48,25,1,0,84
673,GJMaxwell(c),6,10,11,1,0,54.54
674,ARPatel,38,32,17,3,2,223.52
675,MMSharma,6,4,4,1,0,150
676,VRAaron,0,9,5,0,0,0
678,MandeepSingh,46,56,40,5,2,115
679,CHGayle,0,2,2,0,0,0
680,VKohli(c),6,8,6,1,0,100
681,ABdeVilliers,10,11,6,1,1,166.66
682,KMJadhav?Çá,6,17,6,1,0,100
683,SRWatson,3,11,6,0,0,50
684,PNegi,21,30,23,2,0,91.3
685,SAravind,4,11,6,0,0,66.66
686,SBadree,8,17,9,0,0,88.88
687,AChoudhary,4,8,6,0,0,66.66
688,YSChahal,4,6,4,0,0,100
689,AMRahane,22,33,20,0,1,110
690,RATripathi,1,8,4,0,0,25
691,SPDSmith(c),34,65,39,0,0,87.17
692,BAStokes,39,33,25,1,3,156
693,MSDhoni?Çá,31,29,21,2,2,147.61
694,DTChristian,4,3,2,1,0,200
695,MKTiwary,9,15,5,1,0,180
696,WashingtonSundar,1,6,3,0,0,33.33
697,SNThakur,0,1,1,0,0,0
698,JDUnadkat,0,1,0,0,0,-
700,DAWarner(c),40,58,34,4,1,117.64
701,SDhawan,19,17,12,2,1,158.33
702,KSWilliamson,4,2,2,1,0,200
703,YuvrajSingh,47,61,43,4,2,109.3
704,MCHenriques,4,5,6,0,0,66.66
705,NVOjha?Çá,9,22,9,0,1,100
706,BipulSharma,8,14,7,0,0,114.28
707,RashidKhan,3,11,4,0,0,75
708,BKumar,0,3,1,0,0,0
709,SKaul,0,3,2,0,0,0
710,ANehra,0,1,0,0,0,-
711,LMPSimmons,66,63,43,5,4,153.48
712,PAPatel?Çá,25,43,22,3,0,113.63
713,KAPollard,63,63,35,5,4,180
714,RGSharma(c),10,14,6,1,0,166.66
715,HHPandya,29,21,14,1,3,207.14
717,SVSamson,0,1,1,0,0,0
718,KKNair,21,24,15,3,1,140
719,SSIyer,3,7,6,0,0,50
720,RRPant?Çá,0,7,3,0,0,0
721,CJAnderson,10,12,8,2,0,125
722,MNSamuels,1,12,5,0,0,20
723,PJCummins,10,10,10,0,1,100
724,KRabada,0,10,5,0,0,0
725,AMishra,9,22,14,0,0,64.28
726,MohammedShami,7,3,4,0,1,175
727,ZKhan(c),2,11,11,0,0,18.18
728,CHGayle,0,1,1,0,0,0
729,MandeepSingh,52,109,43,4,1,120.93
730,VKohli(c),5,11,9,0,0,55.55
731,ABdeVilliers,10,8,8,2,0,125
732,TMHead,75,112,47,3,5,159.57
733,KMJadhav?Çá,8,14,9,1,0,88.88
734,PNegi,5,7,3,1,0,166.66
735,SAravind,0,2,0,0,0,-
737,CALynn,50,32,22,5,4,227.27
738,SPNarine,54,25,17,6,4,317.64
739,CdeGrandhomme,31,29,28,1,2,110.71
740,GGambhir(c),14,26,16,0,0,87.5
741,MKPandey,4,7,3,0,0,133.33
742,YKPathan,0,3,5,0,0,0
743,MJGuptill,2,3,5,0,0,40
744,HMAmla,104,90,60,8,5,173.33
745,SEMarsh,58,67,43,6,0,134.88
746,GJMaxwell(c),20,20,11,0,2,181.81
747,ARPatel,2,1,1,0,0,200
749,DRSmith,74,53,39,8,4,189.74
750,IshanKishan,29,42,24,3,0,120.83
751,SKRaina(c),39,41,25,4,1,156
752,KDKarthik?Çá,35,48,23,2,1,152.17
753,AJFinch,2,2,2,0,0,100
754,RAJadeja,7,14,6,0,0,116.66
755,LMPSimmons,1,7,5,0,0,20
756,PAPatel?Çá,23,27,17,1,1,135.29
757,NRana,9,10,11,2,0,81.81
758,RGSharma(c),67,66,45,6,2,148.88
759,HHPandya,15,39,24,0,0,62.5
760,KAPollard,5,23,9,0,0,55.55
761,KVSharma,5,9,5,1,0,100
762,HarbhajanSingh,1,5,3,0,0,33.33
763,MJMcClenaghan,2,1,1,0,0,200
765,DAWarner(c),6,4,6,1,0,100
766,SDhawan,62,92,46,4,2,134.78
767,MCHenriques,44,49,35,6,0,125.71
768,YuvrajSingh,9,16,11,1,0,81.81
769,VShankar,15,20,12,1,0,125
770,MJGuptill,12,24,16,1,0,75
771,MVohra,25,20,16,4,0,156.25
772,SEMarsh,11,15,10,2,0,110
773,WPSaha?Çá,38,57,33,2,1,115.15
774,GJMaxwell(c),44,36,25,1,4,176
775,ARPatel,8,23,10,0,0,80
776,SwapnilSingh,2,3,2,0,0,100
777,RTewatia,15,10,8,3,0,187.5
779,SPNarine,18,17,10,4,0,180
780,CALynn,84,81,52,8,3,161.53
781,GGambhir(c),8,25,18,0,0,44.44
782,RVUthappa?Çá,0,2,1,0,0,0
783,MKPandey,18,31,23,1,0,78.26
784,CdeGrandhomme,11,17,7,1,0,157.14
785,YKPathan,2,4,3,0,0,66.66
786,CRWoakes,8,9,6,0,1,133.33
787,DRSmith,8,17,8,1,0,100
788,IshanKishan,34,35,25,5,1,136
789,SKRaina(c),6,12,5,1,0,120
790,KDKarthik?Çá,40,51,28,4,1,142.85
791,AJFinch,69,58,39,6,4,176.92
792,RAJadeja,13,22,7,2,0,185.71
793,JPFaulkner,14,10,8,1,0,175
795,SVSamson,10,6,7,2,0,142.85
796,KKNair,30,36,15,5,1,200
797,RRPant?Çá,4,2,2,1,0,200
798,SSIyer,96,83,57,15,2,168.42
799,MNSamuels,1,8,4,0,0,25
800,CJAnderson,6,7,6,1,0,100
801,CRBrathwaite,11,10,10,2,0,110
802,PJCummins,24,22,13,2,1,184.61
803,MohammedShami,4,8,2,1,0,200
804,AMishra,8,2,2,2,0,400
805,MJGuptill,36,28,18,5,1,200
806,WPSaha?Çá,93,109,55,11,3,169.09
807,GJMaxwell(c),47,29,21,2,5,223.8
808,SEMarsh,25,23,16,0,2,156.25
809,ARPatel,19,26,13,0,1,146.15
811,LMPSimmons,59,50,32,5,4,184.37
812,PAPatel?Çá,38,44,23,7,0,165.21
813,NRana,12,21,12,2,0,100
814,RGSharma(c),5,10,7,0,0,71.42
815,KAPollard,50,49,24,1,5,208.33
816,HHPandya,30,19,13,0,4,230.76
817,KVSharma,19,9,6,3,1,316.66
818,HarbhajanSingh,2,14,4,0,0,50
819,SVSamson,2,4,4,0,0,50
820,KKNair,64,96,45,9,0,142.22
821,SSIyer,3,6,4,0,0,75
822,RRPant?Çá,36,32,22,4,2,163.63
823,MNSamuels,27,21,21,1,2,128.57
824,CJAnderson,3,10,5,0,0,60
825,PJCummins,11,6,6,0,1,183.33
826,AMishra,13,19,9,0,1,144.44
827,MohammedShami,2,5,4,0,0,50
828,SNadeem,0,1,0,0,0,-
830,AMRahane,0,1,1,0,0,0
831,RATripathi,7,21,6,1,0,116.66
832,SPDSmith(c),38,44,32,4,1,118.75
833,MKTiwary,60,81,45,5,3,133.33
834,BAStokes,33,33,25,3,2,132
835,MSDhoni?Çá,5,10,5,0,0,100
836,DTChristian,3,2,3,0,0,100
837,WashingtonSundar,5,8,3,0,0,166.66
838,DRSmith,54,49,33,7,2,163.63
839,IshanKishan,61,60,40,5,4,152.5
840,SKRaina(c),2,12,5,0,0,40
841,KDKarthik?Çá,0,3,1,0,0,0
842,AJFinch,2,4,3,0,0,66.66
843,RAJadeja,20,35,14,2,0,142.85
844,JPFaulkner,8,15,10,1,0,80
845,PJSangwan,0,1,1,0,0,0
846,AnkitSoni,0,9,6,0,0,0
847,PKumar,1,2,2,0,0,50
848,MMPatel,0,1,1,0,0,0
850,DAWarner(c),69,84,52,9,0,132.69
851,SDhawan,18,9,11,4,0,163.63
852,MCHenriques,4,3,2,1,0,200
853,VShankar,63,70,44,9,0,143.18
854,SSTiwary,52,77,43,9,0,120.93
855,LMPSimmons,0,11,5,0,0,0
856,RGSharma(c),27,27,21,4,1,128.57
857,ATRayudu?Çá,63,50,37,6,3,170.27
858,KAPollard,13,18,11,0,1,118.18
859,HHPandya,1,8,2,0,0,50
860,KHPandya,0,2,1,0,0,0
862,SPNarine,0,4,4,0,0,0
863,CALynn,26,33,14,3,2,185.71
864,GGambhir(c),21,18,16,3,1,131.25
865,RVUthappa?Çá,2,5,4,0,0,50
866,MKPandey,33,58,33,2,0,100
867,YKPathan,20,14,7,0,3,285.71
868,CdeGrandhomme,29,21,16,4,1,181.25
869,KuldeepYadav,16,24,15,2,0,106.66
870,UTYadav,4,14,4,0,0,100
871,TABoult,5,7,8,0,0,62.5
872,MJGuptill,0,1,1,0,0,0
873,WPSaha?Çá,13,49,17,0,1,76.47
874,SEMarsh,10,14,13,2,0,76.92
875,EJGMorgan,4,5,4,1,0,100
876,RTewatia,4,5,3,1,0,133.33
877,GJMaxwell(c),0,2,3,0,0,0
878,ARPatel,22,26,20,1,1,110
879,SwapnilSingh,10,18,17,0,0,58.82
880,MMSharma,6,22,12,0,0,50
881,ISharma,1,6,5,0,0,20
882,SandeepSharma,0,5,0,0,0,-
884,AMRahane,34,47,34,1,1,100
885,RATripathi,28,14,20,4,1,140
886,SPDSmith(c),15,33,18,0,0,83.33
887,CHGayle,48,63,38,3,3,126.31
888,VishnuVinod?Çá,3,22,9,0,0,33.33
889,VKohli(c),58,57,45,3,3,128.88
890,TMHead,2,5,2,0,0,100
891,KMJadhav,12,18,9,0,1,133.33
892,SachinBaby,12,14,8,2,0,150
893,SRWatson,4,15,4,0,0,100
894,PNegi,13,8,5,3,0,260
896,SVSamson,0,2,2,0,0,0
897,KKNair,26,24,22,5,0,118.18
898,SSIyer,32,52,30,2,1,106.66
899,RRPant?Çá,45,60,34,3,2,132.35
900,MNSamuels,0,1,1,0,0,0
901,CJAnderson,3,19,9,0,0,33.33
902,PJCummins,7,2,3,0,1,233.33
903,AMishra,7,11,4,0,1,175
904,MohammedShami,21,16,9,3,1,233.33
905,SNadeem,2,12,6,0,0,33.33
906,ZKhan(c),1,2,1,0,0,100
907,AMRahane,56,60,43,5,1,130.23
908,RATripathi,0,6,2,0,0,0
909,SPDSmith(c),1,5,2,0,0,50
910,MKTiwary,58,90,48,4,2,120.83
911,MSDhoni?Çá,40,42,26,0,5,153.84
913,LMPSimmons,5,21,13,0,0,38.46
914,PAPatel?Çá,52,78,40,3,3,130
915,RGSharma(c),1,4,2,0,0,50
916,ATRayudu,0,1,3,0,0,0
917,KAPollard,7,9,10,1,0,70
918,HHPandya,14,16,10,1,1,140
919,KHPandya,15,19,11,2,0,136.36
920,MJMcClenaghan,12,24,11,0,1,109.09
921,KVSharma,4,9,7,0,0,57.14
922,JJBumrah,16,13,11,0,1,145.45
923,SLMalinga,7,1,2,0,1,350
924,DAWarner(c),37,57,35,2,2,105.71
925,SDhawan,11,19,13,1,0,84.61
926,KSWilliamson,24,35,26,2,1,92.3
927,YuvrajSingh,9,16,9,2,0,100
928,VShankar,22,28,17,2,1,129.41
929,NVOjha?Çá,16,24,16,0,1,100
930,CJJordan,0,1,1,0,0,0
931,BipulSharma,2,8,3,0,0,66.66
933,RVUthappa?Çá,1,10,2,0,0,50
934,CALynn,6,4,2,0,1,300
935,YKPathan,0,1,1,0,0,0
936,GGambhir(c),32,25,19,2,2,168.42
937,IRJaggi,5,21,8,0,0,62.5
938,CALynn,4,7,8,0,0,50
939,SPNarine,10,23,10,0,1,100
940,GGambhir(c),12,27,15,2,0,80
941,RVUthappa?Çá,1,4,3,0,0,33.33
942,IRJaggi,28,43,31,3,0,90.32
943,CdeGrandhomme,0,1,1,0,0,0
944,SAYadav,31,52,25,2,1,124
945,PPChawla,2,10,6,0,0,33.33
946,NMCoulter-Nile,6,3,4,0,1,150
947,UTYadav,2,10,3,0,0,66.66
948,ASRajpoot,4,7,7,1,0,57.14
950,LMPSimmons,3,6,6,0,0,50
951,PAPatel?Çá,14,13,9,3,0,155.55
952,ATRayudu,6,18,11,0,0,54.54
953,RGSharma(c),26,42,24,1,1,108.33
954,KHPandya,45,42,30,8,0,150
955,KAPollard,9,11,7,1,0,128.57
