,Unnamed: 0,Unnamed: 0.1,Bowling,O,M,R,W,Econ,0s,4s,6s,WD,NB,sumpts_w,sumpts_4w,sumpts_5w,sumpts_econ,sumpts_maid,totalpoints
0,0,0,TS Mills,4.0,0,31,1,7.75,11,3,1,1,0,10,4,5,0,0,19
1,1,1,A Choudhary,4.0,0,55,1,13.75,5,5,3,3,1,10,0,0,-3,0,7
2,2,2,YS Chahal,4.0,0,22,1,5.5,5,0,0,0,0,10,0,0,1,0,11
3,3,3,S Aravind,3.0,0,36,0,12.0,2,3,2,0,0,0,0,0,-3,0,-3
4,4,4,SR Watson,3.0,0,41,0,13.66,3,5,2,0,0,0,0,0,-3,0,-3
5,5,5,TM Head,1.0,0,11,0,11.0,0,0,1,0,0,0,0,0,-3,0,-3
6,6,6,STR Binny,1.0,0,10,1,10.0,1,1,0,0,0,10,0,0,-2,0,8
7,7,0,A Nehra,4.0,0,42,2,10.5,8,6,1,1,0,20,0,0,-2,0,18
8,8,1,B Kumar,4.0,0,27,2,6.75,12,1,2,1,0,20,0,0,0,0,20
9,9,2,BCJ Cutting,3.4,0,35,0,9.54,10,2,3,2,0,0,0,0,-1,0,-1
10,10,3,Rashid Khan,4.0,0,36,2,9.0,8,4,1,0,0,20,0,0,-1,0,19
11,11,4,DJ Hooda,1.0,0,7,1,7.0,4,0,1,0,0,10,0,0,0,0,10
12,12,5,MC Henriques,2.0,0,20,0,10.0,1,2,0,0,1,0,0,0,-2,0,-2
13,13,6,Bipul Sharma,1.0,0,4,1,4.0,2,0,0,0,0,10,0,0,2,0,12
14,14,0,AB Dinda,4.0,0,57,0,14.25,9,5,4,3,0,0,0,0,-3,0,-3
15,15,1,DL Chahar,2.0,0,21,0,10.5,6,3,1,0,0,0,0,0,-2,0,-2
16,16,2,BA Stokes,4.0,0,36,1,9.0,10,0,4,1,0,10,0,0,-1,0,9
17,17,3,Imran Tahir,4.0,0,28,3,7.0,8,2,1,0,0,30,0,0,0,0,30
18,18,4,A Zampa,3.0,0,26,1,8.66,5,2,1,1,0,10,0,0,0,0,10
19,19,5,R Bhatia,3.0,0,14,2,4.66,5,0,0,0,0,20,0,0,2,0,22
20,20,0,TG Southee,4.0,0,34,1,8.5,8,3,1,2,0,10,0,0,0,0,10
21,21,1,HH Pandya,4.0,0,36,1,9.0,5,5,0,0,0,10,0,0,-1,0,9
22,22,2,MJ McClenaghan,4.0,0,36,1,9.0,9,5,1,0,0,10,0,0,-1,0,9
23,23,3,JJ Bumrah,4.0,0,29,0,7.25,6,3,0,0,0,0,0,0,0,0,0
24,24,4,KH Pandya,2.0,0,21,0,10.5,2,1,1,0,0,0,0,0,-2,0,-2
25,25,5,KA Pollard,1.5,0,30,0,16.36,0,1,3,1,0,0,0,0,-3,0,-3
26,26,0,TA Boult,4.0,0,40,1,10.0,9,8,0,1,0,10,0,0,-2,0,8
27,27,1,PP Chawla,4.0,0,33,1,8.25,7,1,2,1,0,10,0,0,0,0,10
28,28,2,SP Narine,4.0,0,33,0,8.25,7,5,0,0,0,0,0,0,0,0,0
29,29,3,CR Woakes,3.0,0,35,0,11.66,5,5,1,0,0,0,0,0,-3,0,-3
30,30,4,Kuldeep Yadav,4.0,0,25,2,6.25,8,1,1,0,0,20,0,0,0,0,20
31,31,5,YK Pathan,1.0,0,15,0,15.0,1,0,2,0,0,0,0,0,-3,0,-3
32,32,0,P Kumar,2.0,0,13,0,6.5,2,1,0,0,0,0,0,0,0,0,0
33,33,1,DS Kulkarni,2.5,0,42,0,14.82,3,3,3,2,0,0,0,0,-3,0,-3
34,34,2,MS Gony,2.0,0,32,0,16.0,4,5,1,3,0,0,0,0,-3,0,-3
35,35,3,S Kaushik,4.0,0,40,0,10.0,10,7,1,0,0,0,0,0,-2,0,-2
36,36,4,DR Smith,1.0,0,23,0,23.0,1,1,3,0,0,0,0,0,-3,0,-3
37,37,5,SB Jakati,3.0,0,30,0,10.0,2,1,0,2,0,0,0,0,-2,0,-2
38,38,0,Sandeep Sharma,4.0,0,33,2,8.25,8,4,1,0,0,20,0,0,0,0,20
39,39,1,MM Sharma,4.0,0,34,0,8.5,6,2,2,0,0,0,0,0,0,0,0
40,40,2,AR Patel,4.0,0,27,1,6.75,7,1,1,2,0,10,0,0,0,0,10
41,41,3,T Natarajan,3.0,0,26,1,8.66,4,2,1,0,0,10,0,0,0,0,10
42,42,4,MP Stoinis,3.0,0,28,1,9.33,5,2,1,3,0,10,0,0,-1,0,9
43,43,5,Swapnil Singh,2.0,0,14,1,7.0,3,0,1,0,0,10,0,0,0,0,10
44,44,0,AB Dinda,3.0,0,26,1,8.66,7,1,2,0,0,10,0,0,0,0,10
45,45,1,DT Christian,2.0,0,24,0,12.0,4,3,1,2,0,0,0,0,-3,0,-3
46,46,2,BA Stokes,4.0,0,32,0,8.0,10,4,1,1,0,0,0,0,0,0,0
47,47,3,Imran Tahir,4.0,0,29,2,7.25,8,1,2,0,0,20,0,0,0,0,20
48,48,4,RD Chahar,4.0,0,32,1,8.0,9,0,2,4,0,10,0,0,0,0,10
49,49,5,R Bhatia,2.0,0,20,0,10.0,3,1,1,1,0,0,0,0,-2,0,-2
50,50,0,Z Khan,4.0,0,31,2,7.75,9,3,1,1,0,20,0,0,0,0,20
51,51,1,CH Morris,4.0,0,21,3,5.25,17,3,1,0,0,30,0,0,1,0,31
52,52,2,PJ Cummins,4.0,0,29,1,7.25,10,4,0,1,0,10,0,0,0,0,10
53,53,3,S Nadeem,4.0,0,13,1,3.25,12,0,0,1,0,10,0,0,3,0,13
54,54,4,A Mishra,2.0,0,32,0,16.0,3,2,3,0,0,0,0,0,-3,0,-3
55,55,5,CR Brathwaite,2.0,0,29,0,14.5,1,2,2,1,0,0,0,0,-3,0,-3
56,56,0,B Stanlake,4.0,0,29,2,7.25,12,4,0,1,0,20,0,0,0,0,20
57,57,1,YS Chahal,4.0,0,19,1,4.75,11,0,1,0,0,10,0,0,2,0,12
58,58,2,Iqbal Abdulla,3.0,0,36,2,12.0,3,2,2,3,0,20,0,0,-3,0,17
59,59,3,TS Mills,4.0,0,33,1,8.25,7,3,1,0,0,10,0,0,0,0,10
60,60,4,SR Watson,4.0,0,21,1,5.25,12,1,1,0,0,10,0,0,1,0,11
61,61,5,P Negi,1.0,0,3,2,3.0,3,0,0,0,0,20,0,0,3,0,23
62,62,0,Bipul Sharma,4.0,0,24,0,6.0,7,2,0,0,0,0,0,0,0,0,0
63,63,1,B Kumar,4.0,0,21,2,5.25,10,2,0,0,0,20,0,0,1,0,21
64,64,2,A Nehra,4.0,0,27,1,6.75,9,2,1,0,0,10,0,0,0,0,10
65,65,3,Rashid Khan,4.0,0,19,3,4.75,11,1,0,0,0,30,0,0,2,0,32
66,66,4,BCJ Cutting,3.0,0,29,0,9.66,2,2,1,0,0,0,0,0,-1,0,-1
67,67,5,MC Henriques,1.0,0,12,0,12.0,0,2,0,0,0,0,0,0,-3,0,-3
68,68,0,SK Raina,2.0,0,24,0,12.0,4,0,3,0,0,0,0,0,-3,0,-3
69,69,1,P Kumar,2.0,0,16,1,8.0,5,2,0,0,0,10,0,0,0,0,10
70,70,2,Tejas Baroka,3.3,0,33,0,9.42,6,2,2,0,0,0,0,0,-1,0,-1
71,71,3,DS Kulkarni,2.0,0,17,0,8.5,2,2,0,0,0,0,0,0,0,0,0
72,72,4,S Kaushik,4.0,0,29,0,7.25,7,3,0,1,0,0,0,0,0,0,0
73,73,5,Basil Thampi,2.0,0,21,0,10.5,3,3,0,2,0,0,0,0,-2,0,-2
74,74,0,SL Malinga,4.0,0,36,2,9.0,5,1,2,2,0,20,0,0,-1,0,19
75,75,1,MJ McClenaghan,4.0,0,51,1,12.75,9,5,3,3,1,10,0,0,-3,0,7
76,76,2,JJ Bumrah,4.0,0,39,1,9.75,7,3,1,0,2,10,0,0,-1,0,9
77,77,3,KH Pandya,4.0,0,24,3,6.0,8,2,0,0,0,30,0,0,0,0,30
78,78,4,Harbhajan Singh,4.0,0,27,0,6.75,7,3,0,0,0,0,0,0,0,0,0
79,79,0,TA Boult,3.5,0,47,0,12.26,8,6,2,1,0,0,0,0,-3,0,-3
80,80,1,CR Woakes,4.0,0,34,1,8.5,9,3,1,4,0,10,0,0,0,0,10
81,81,2,SP Narine,4.0,0,22,1,5.5,12,1,1,0,0,10,0,0,1,0,11
82,82,3,Kuldeep Yadav,4.0,0,35,1,8.75,9,2,2,1,0,10,0,0,0,0,10
83,83,4,AS Rajpoot,4.0,0,37,3,9.25,13,3,3,1,0,30,0,0,-1,0,29
84,84,0,AR Patel,4.0,0,12,1,3.0,13,0,0,0,0,10,0,0,3,0,13
85,85,1,Sandeep Sharma,4.0,0,26,1,6.5,15,2,2,1,0,10,0,0,0,0,10
86,86,2,MM Sharma,4.0,0,47,0,11.75,10,2,5,0,0,0,0,0,-3,0,-3
87,87,3,VR Aaron,4.0,0,21,2,5.25,12,1,1,0,0,20,0,0,1,0,21
88,88,4,T Natarajan,1.0,0,13,0,13.0,2,1,1,1,0,0,0,0,-3,0,-3
89,89,5,MP Stoinis,3.0,0,28,0,9.33,2,0,2,1,0,0,0,0,-1,0,-1
90,90,0,B Stanlake,4.0,0,41,0,10.25,5,2,3,1,0,0,0,0,-2,0,-2
91,91,1,Iqbal Abdulla,2.0,0,19,0,9.5,3,1,1,1,0,0,0,0,-1,0,-1
92,92,2,SR Watson,2.0,0,28,0,14.0,1,5,0,0,0,0,0,0,-3,0,-3
93,93,3,TS Mills,2.0,0,22,1,11.0,6,2,2,0,0,10,0,0,-3,0,7
94,94,4,YS Chahal,3.3,0,29,1,8.28,8,0,3,0,0,10,0,0,0,0,10
95,95,5,P Negi,1.0,0,7,0,7.0,2,1,0,0,0,0,0,0,0,0,0
96,96,0,AB Dinda,3.0,0,36,0,12.0,7,4,2,2,0,0,0,0,-3,0,-3
97,97,1,DL Chahar,3.0,0,35,1,11.66,4,6,0,2,0,10,0,0,-3,0,7
98,98,2,BA Stokes,4.0,0,41,0,10.25,7,4,2,0,0,0,0,0,-2,0,-2
99,99,3,Imran Tahir,4.0,0,24,1,6.0,8,0,1,1,0,10,0,0,0,0,10
100,100,4,A Zampa,4.0,0,45,1,11.25,8,3,3,0,0,10,0,0,-3,0,7
101,101,5,R Bhatia,2.0,0,21,0,10.5,1,0,2,0,0,0,0,0,-2,0,-2
102,102,0,S Nadeem,4.0,0,23,1,5.75,10,1,1,1,0,10,0,0,1,0,11
103,103,1,PJ Cummins,3.1,0,24,2,7.57,7,0,2,1,0,20,0,0,0,0,20
104,104,2,Z Khan,3.0,0,20,3,6.66,8,2,0,1,0,30,0,0,0,0,30
105,105,3,CH Morris,2.0,0,19,1,9.5,5,3,0,1,0,10,0,0,-1,0,9
106,106,4,CJ Anderson,1.0,0,10,0,10.0,2,0,1,0,0,0,0,0,-2,0,-2
107,107,5,A Mishra,3.0,0,11,3,3.66,10,1,0,0,0,30,0,0,3,0,33
108,108,0,Harbhajan Singh,4.0,0,23,2,5.75,15,3,1,0,0,20,0,0,1,0,21
109,109,1,SL Malinga,4.0,0,30,1,7.5,9,4,0,1,0,10,0,0,0,0,10
110,110,2,JJ Bumrah,4.0,0,24,3,6.0,9,2,0,0,0,30,0,0,0,0,30
111,111,3,MJ McClenaghan,4.0,0,42,1,10.5,7,6,1,0,0,10,0,0,-2,0,8
112,112,4,HH Pandya,3.0,0,22,1,7.33,10,2,1,3,0,10,0,0,0,0,10
113,113,5,KH Pandya,1.0,0,12,0,12.0,0,1,0,1,1,0,0,0,-3,0,-3
114,114,0,B Kumar,4.0,0,21,3,5.25,13,3,0,0,0,30,0,0,1,0,31
115,115,1,A Nehra,4.0,0,46,1,11.5,7,7,1,0,0,10,0,0,-3,0,7
116,116,2,Rashid Khan,4.0,0,19,1,4.75,12,0,1,0,0,10,0,0,2,0,12
117,117,3,Mustafizur Rahman,2.4,0,34,0,12.75,3,3,2,1,0,0,0,0,-3,0,-3
118,118,4,DJ Hooda,2.0,0,18,1,9.0,2,1,1,0,0,10,0,0,-1,0,9
119,119,5,BCJ Cutting,2.0,0,18,0,9.0,5,2,1,0,0,0,0,0,-1,0,-1
120,120,0,TA Boult,4.0,0,36,0,9.0,10,6,0,0,0,0,0,0,-1,0,-1
121,121,1,UT Yadav,4.0,0,33,4,8.25,11,2,2,3,0,40,0,0,0,0,40
122,122,2,CR Woakes,3.0,0,30,2,10.0,6,5,0,2,0,20,0,0,-2,0,18
123,123,3,SP Narine,4.0,0,19,1,4.75,14,0,0,3,0,10,0,0,2,0,12
124,124,4,PP Chawla,3.0,0,36,1,12.0,6,3,3,0,0,10,0,0,-3,0,7
125,125,5,C de Grandhomme,2.0,0,15,1,7.5,8,1,1,0,2,10,0,0,0,0,10
126,126,0,Sandeep Sharma,3.0,0,28,0,9.33,8,4,1,1,0,0,0,0,-1,0,-1
127,127,1,I Sharma,2.0,0,16,0,8.0,7,3,0,2,0,0,0,0,0,0,0
128,128,2,GJ Maxwell,1.0,0,18,0,18.0,0,4,0,0,0,0,0,0,-3,0,-3
129,129,3,VR Aaron,2.0,0,23,1,11.5,4,1,2,2,0,10,0,0,-3,0,7
130,130,4,MM Sharma,3.0,0,30,0,10.0,3,3,1,0,0,0,0,0,-2,0,-2
131,131,5,AR Patel,4.0,0,36,1,9.0,2,4,0,0,0,10,0,0,-1,0,9
132,132,6,MP Stoinis,1.3,0,14,0,9.33,3,1,1,0,0,0,0,0,-1,0,-1
133,133,0,TG Southee,2.0,0,23,0,11.5,3,2,1,2,0,0,0,0,-3,0,-3
134,134,1,Harbhajan Singh,4.0,0,23,0,5.75,12,2,1,0,0,0,0,0,1,0,1
135,135,2,MJ McClenaghan,4.0,0,20,2,5.0,11,1,0,1,0,20,0,0,1,0,21
136,136,3,JJ Bumrah,4.0,0,39,0,9.75,6,1,2,0,1,0,0,0,-1,0,-1
137,137,4,HH Pandya,2.0,0,9,1,4.5,3,0,0,0,0,10,0,0,2,0,12
138,138,5,KH Pandya,4.0,0,21,1,5.25,9,1,0,0,0,10,0,0,1,0,11
139,139,0,S Badree,4.0,1,9,4,2.25,17,0,0,1,0,40,0,0,3,4,47
140,140,1,STR Binny,2.0,0,14,1,7.0,3,1,0,1,0,10,0,0,0,0,10
141,141,2,S Aravind,4.0,0,21,0,5.25,10,1,0,1,0,0,0,0,1,0,1
142,142,3,TS Mills,3.5,0,36,0,9.39,8,5,1,1,0,0,0,0,-1,0,-1
143,143,4,YS Chahal,3.0,0,31,1,10.33,5,0,3,0,0,10,0,0,-2,0,8
144,144,5,P Negi,2.0,0,28,0,14.0,2,0,3,2,0,0,0,0,-3,0,-3
145,145,0,P Kumar,4.0,0,51,1,12.75,9,5,3,3,0,10,0,0,-3,0,7
146,146,1,Basil Thampi,3.0,0,21,0,7.0,7,3,0,0,0,0,0,0,0,0,0
147,147,2,SB Jakati,2.0,0,22,0,11.0,2,2,1,0,0,0,0,0,-3,0,-3
148,148,3,AJ Tye,4.0,0,17,5,4.25,11,0,0,1,0,50,0,0,2,0,52
149,149,4,RA Jadeja,4.0,0,40,1,10.0,3,3,2,0,0,10,0,0,-2,0,8
150,150,5,DR Smith,2.0,0,10,1,5.0,6,1,0,0,0,10,0,0,1,0,11
151,151,6,SK Raina,1.0,0,9,0,9.0,0,1,0,0,0,0,0,0,-1,0,-1
152,152,0,Ankit Sharma,1.0,0,16,0,16.0,1,2,1,0,0,0,0,0,-3,0,-3
153,153,1,LH Ferguson,4.0,0,44,0,11.0,10,4,3,2,0,0,0,0,-3,0,-3
154,154,2,SN Thakur,3.0,0,14,1,4.66,9,1,0,1,0,10,0,0,2,0,12
155,155,3,BA Stokes,3.0,0,18,0,6.0,8,2,0,1,0,0,0,0,0,0,0
156,156,4,Imran Tahir,4.0,0,53,1,13.25,6,8,2,0,0,10,0,0,-3,0,7
157,157,5,RD Chahar,3.0,0,26,1,8.66,8,3,1,0,0,10,0,0,0,0,10
158,158,0,B Kumar,4.0,0,20,3,5.0,12,0,1,0,0,30,0,0,1,0,31
159,159,1,A Nehra,4.0,0,35,1,8.75,11,6,0,3,0,10,0,0,0,0,10
160,160,2,BCJ Cutting,4.0,0,41,1,10.25,3,4,1,1,0,10,0,0,-2,0,8
161,161,3,Rashid Khan,4.0,0,29,1,7.25,7,2,1,0,0,10,0,0,0,0,10
162,162,4,MC Henriques,2.0,0,26,0,13.0,2,0,2,1,0,0,0,0,-3,0,-3
163,163,5,Bipul Sharma,2.0,0,20,0,10.0,6,1,2,1,0,0,0,0,-2,0,-2
164,164,0,UT Yadav,3.0,0,27,0,9.0,10,4,1,1,0,0,0,0,-1,0,-1
165,165,1,TA Boult,4.0,0,33,1,8.25,10,6,0,0,0,10,0,0,0,0,10
166,166,2,SP Narine,4.0,0,18,1,4.5,10,1,0,0,0,10,0,0,2,0,12
167,167,3,Kuldeep Yadav,4.0,0,23,1,5.75,12,2,1,0,0,10,0,0,1,0,11
168,168,4,YK Pathan,1.0,0,2,1,2.0,4,0,0,0,0,10,0,0,3,0,13
169,169,5,CR Woakes,4.0,0,49,2,12.25,5,3,3,3,0,20,0,0,-3,0,17
170,170,0,Sandeep Sharma,4.0,0,41,1,10.25,10,7,1,0,0,10,0,0,-2,0,8
171,171,1,MM Sharma,4.0,0,37,1,9.25,9,3,2,0,1,10,0,0,-1,0,9
172,172,2,AR Patel,4.0,0,33,1,8.25,6,1,2,0,0,10,0,0,0,0,10
173,173,3,VR Aaron,4.0,0,45,2,11.25,10,8,0,4,1,20,0,0,-3,0,17
174,174,4,KC Cariappa,3.0,0,23,1,7.66,6,3,0,0,1,10,0,0,0,0,10
175,175,5,GJ Maxwell,1.0,0,7,0,7.0,2,1,0,0,0,0,0,0,0,0,0
176,176,0,Z Khan,4.0,0,38,0,9.5,5,4,1,0,0,0,0,0,-1,0,-1
177,177,1,S Nadeem,2.0,0,13,2,6.5,6,2,0,0,0,20,0,0,0,0,20
178,178,2,CH Morris,4.0,0,23,3,5.75,8,1,0,1,0,30,0,0,1,0,31
179,179,3,PJ Cummins,4.0,0,23,2,5.75,10,3,0,0,0,20,0,0,1,0,21
180,180,4,A Mishra,3.0,0,16,1,5.33,9,0,1,0,0,10,0,0,1,0,11
181,181,5,CJ Anderson,3.0,0,23,1,7.66,3,1,1,0,0,10,0,0,0,0,10
182,182,0,MJ McClenaghan,4.0,0,24,2,6.0,12,1,1,2,0,20,0,0,0,0,20
183,183,1,SL Malinga,4.0,0,51,1,12.75,6,3,3,2,1,10,0,0,-3,0,7
184,184,2,Harbhajan Singh,4.0,0,22,1,5.5,9,2,0,0,0,10,0,0,1,0,11
185,185,3,JJ Bumrah,4.0,0,45,0,11.25,5,5,1,0,1,0,0,0,-3,0,-3
186,186,4,KH Pandya,3.0,0,18,0,6.0,4,1,0,0,0,0,0,0,0,0,0
187,187,5,HH Pandya,1.0,0,15,0,15.0,1,0,1,0,0,0,0,0,-3,0,-3
188,188,0,P Kumar,2.3,0,25,1,10.0,7,2,0,5,0,10,0,0,-2,0,8
189,189,1,Basil Thampi,4.0,0,34,0,8.5,4,1,2,1,0,0,0,0,0,0,0
190,190,2,MM Patel,4.0,0,35,1,8.75,8,4,1,0,0,10,0,0,0,0,10
191,191,3,AJ Tye,4.0,0,34,2,8.5,7,2,2,1,0,20,0,0,0,0,20
192,192,4,RA Jadeja,4.0,0,34,0,8.5,6,1,2,0,0,0,0,0,0,0,0
193,193,5,DR Smith,1.0,0,12,0,12.0,3,1,1,1,0,0,0,0,-3,0,-3
194,194,0,AF Milne,4.0,0,27,2,6.75,11,3,1,0,0,20,0,0,0,0,20
195,195,1,S Badree,4.0,0,32,1,8.0,7,5,0,0,0,10,0,0,0,0,10
196,196,2,S Aravind,4.0,0,29,2,7.25,9,2,1,1,0,20,0,0,0,0,20
197,197,3,SR Watson,4.0,0,44,1,11.0,9,7,1,2,0,10,0,0,-3,0,7
198,198,4,P Negi,3.0,0,12,1,4.0,7,0,0,1,0,10,0,0,2,0,12
199,199,5,YS Chahal,1.0,0,11,0,11.0,3,0,1,2,0,0,0,0,-3,0,-3
200,200,0,JD Unadkat,4.0,0,25,2,6.25,12,0,2,1,0,20,0,0,0,0,20
201,201,1,SN Thakur,4.0,0,35,3,8.75,10,4,1,0,0,30,0,0,0,0,30
202,202,2,DT Christian,4.0,0,26,0,6.5,8,1,1,1,0,0,0,0,0,0,0
203,203,3,BA Stokes,4.0,0,18,3,4.5,13,2,0,1,0,30,0,0,2,0,32
204,204,4,Imran Tahir,4.0,0,27,1,6.75,6,0,1,1,0,10,0,0,0,0,10
205,205,0,NM Coulter-Nile,4.0,0,22,3,5.5,12,3,0,1,0,30,0,0,1,0,31
206,206,1,CR Woakes,4.0,0,31,1,7.75,5,4,0,0,0,10,0,0,0,0,10
207,207,2,UT Yadav,4.0,0,53,1,13.25,7,7,3,0,0,10,0,0,-3,0,7
208,208,3,SP Narine,4.0,0,20,1,5.0,8,1,0,1,0,10,0,0,1,0,11
209,209,4,Kuldeep Yadav,3.0,0,29,0,9.66,4,2,1,0,0,0,0,0,-1,0,-1
210,210,5,C de Grandhomme,1.0,0,12,0,12.0,0,2,0,0,0,0,0,0,-3,0,-3
211,211,0,Z Khan,4.0,0,28,2,7.0,10,2,1,0,0,20,0,0,0,0,20
212,212,1,PJ Cummins,4.0,0,39,2,9.75,6,6,0,1,0,20,0,0,-1,0,19
213,213,2,CH Morris,4.0,0,30,1,7.5,6,3,0,0,0,10,0,0,0,0,10
214,214,3,A Mishra,2.5,0,26,1,9.17,6,1,2,1,0,10,0,0,-1,0,9
215,215,4,Mohammed Shami,3.0,0,28,0,9.33,5,1,1,2,0,0,0,0,-1,0,-1
216,216,5,AD Mathews,2.0,0,15,0,7.5,3,0,1,0,0,0,0,0,0,0,0
217,217,0,Sandeep Sharma,4.0,0,35,1,8.75,10,2,2,0,0,10,0,0,0,0,10
218,218,1,I Sharma,4.0,0,23,0,5.75,11,1,0,3,0,0,0,0,1,0,1
219,219,2,MM Sharma,4.0,0,25,2,6.25,10,3,0,0,0,20,0,0,0,0,20
220,220,3,KC Cariappa,4.0,0,38,1,9.5,5,3,1,1,0,10,0,0,-1,0,9
221,221,4,AR Patel,4.0,0,33,2,8.25,7,2,1,1,0,20,0,0,0,0,20
222,222,0,B Kumar,4.0,0,19,5,4.75,15,2,0,0,1,50,0,0,2,0,52
223,223,1,BB Sran,2.0,0,29,0,14.5,4,3,2,1,0,0,0,0,-3,0,-3
224,224,2,S Kaul,3.4,0,26,1,7.09,7,0,1,3,0,10,0,0,0,0,10
225,225,3,Mohammad Nabi,4.0,0,28,1,7.0,11,2,1,0,0,10,0,0,0,0,10
226,226,4,Rashid Khan,4.0,0,42,2,10.5,10,4,3,1,0,20,0,0,-2,0,18
227,227,5,MC Henriques,2.0,0,6,1,3.0,7,0,0,0,0,10,0,0,3,0,13
228,228,0,DS Kulkarni,4.0,0,37,1,9.25,8,6,0,1,0,10,0,0,-1,0,9
229,229,1,Basil Thampi,4.0,0,31,1,7.75,11,3,1,0,0,10,0,0,0,0,10
230,230,2,AJ Tye,4.0,0,34,0,8.5,9,4,1,0,0,0,0,0,0,0,0
231,231,3,RA Jadeja,4.0,0,57,0,14.25,4,6,3,0,0,0,0,0,-3,0,-3
232,232,4,S Kaushik,3.0,0,36,0,12.0,4,0,4,1,0,0,0,0,-3,0,-3
233,233,5,DR Smith,1.0,0,17,0,17.0,0,0,2,1,0,0,0,0,-3,0,-3
234,234,0,P Negi,4.0,0,21,1,5.25,17,1,2,1,0,10,0,0,1,0,11
235,235,1,YS Chahal,4.0,0,31,3,7.75,8,1,2,1,0,30,0,0,0,0,30
236,236,2,S Aravind,4.0,0,53,1,13.25,7,3,5,1,0,10,0,0,-3,0,7
237,237,3,AF Milne,4.0,0,43,1,10.75,7,4,2,3,0,10,0,0,-2,0,8
238,238,4,SR Watson,2.0,0,24,0,12.0,1,1,2,0,0,0,0,0,-3,0,-3
239,239,5,TM Head,2.0,0,18,0,9.0,1,0,1,0,0,0,0,0,-1,0,-1
240,240,0,J Yadav,2.0,0,16,0,8.0,2,1,0,0,1,0,0,0,0,0,0
241,241,1,CH Morris,4.0,0,26,4,6.5,10,4,0,0,0,40,0,0,0,0,40
242,242,2,Z Khan,4.0,0,37,0,9.25,4,4,1,0,0,0,0,0,-1,0,-1
243,243,3,PJ Cummins,4.0,0,37,0,9.25,6,3,1,0,1,0,0,0,-1,0,-1
244,244,4,AD Mathews,3.0,0,41,0,13.66,1,2,3,1,0,0,0,0,-3,0,-3
245,245,5,A Mishra,3.0,0,33,0,11.0,2,1,2,0,0,0,0,0,-3,0,-3
246,246,0,B Kumar,4.0,0,29,0,7.25,9,4,0,1,0,0,0,0,0,0,0
247,247,1,Mohammed Siraj,4.0,0,39,2,9.75,9,6,1,0,0,20,0,0,-1,0,19
248,248,2,S Kaul,4.0,0,32,1,8.0,9,2,2,0,0,10,0,0,0,0,10
249,249,3,Rashid Khan,4.0,0,33,0,8.25,7,2,2,0,0,0,0,0,0,0,0
250,250,4,MC Henriques,3.0,0,32,0,10.66,3,3,1,1,0,0,0,0,-2,0,-2
251,251,5,Yuvraj Singh,1.0,0,6,1,6.0,3,1,0,0,0,10,0,0,0,0,10
252,252,0,HH Pandya,2.0,0,18,0,9.0,4,3,0,0,0,0,0,0,-1,0,-1
253,253,1,MJ McClenaghan,4.0,0,46,2,11.5,11,5,3,0,1,20,0,0,-3,0,17
254,254,2,Harbhajan Singh,2.0,0,12,0,6.0,4,1,0,0,0,0,0,0,0,0,0
255,255,3,SL Malinga,4.0,0,58,0,14.5,6,4,5,2,0,0,0,0,-3,0,-3
256,256,4,KH Pandya,4.0,0,29,1,7.25,6,1,1,2,0,10,0,0,0,0,10
257,257,5,JJ Bumrah,4.0,0,30,1,7.5,9,3,0,1,1,10,0,0,0,0,10
258,258,0,Sandeep Sharma,3.0,0,39,0,13.0,4,1,4,2,0,0,0,0,-3,0,-3
259,259,1,I Sharma,4.0,0,58,0,14.5,4,6,4,0,0,0,0,0,-3,0,-3
260,260,2,MM Sharma,2.3,0,29,1,11.6,5,4,1,1,0,10,0,0,-3,0,7
261,261,3,MP Stoinis,2.0,0,28,1,14.0,1,2,2,1,0,10,0,0,-3,0,7
262,262,4,AR Patel,2.0,0,20,0,10.0,4,0,2,1,0,0,0,0,-2,0,-2
263,263,5,Swapnil Singh,2.0,0,22,0,11.0,1,0,2,0,0,0,0,0,-3,0,-3
264,264,0,P Kumar,2.0,0,24,1,12.0,4,5,0,0,0,10,0,0,-3,0,7
265,265,1,JP Faulkner,4.0,0,38,1,9.5,7,6,0,0,0,10,0,0,-1,0,9
266,266,2,Basil Thampi,4.0,0,44,1,11.0,7,5,2,0,0,10,0,0,-3,0,7
267,267,3,SK Raina,2.0,0,11,1,5.5,4,1,0,0,0,10,0,0,1,0,11
268,268,4,DS Kulkarni,2.0,0,23,0,11.5,3,3,1,0,0,0,0,0,-3,0,-3
269,269,5,RA Jadeja,4.0,0,31,0,7.75,5,2,1,0,0,0,0,0,0,0,0
270,270,6,DR Smith,2.0,0,14,0,7.0,2,1,0,1,0,0,0,0,0,0,0
271,271,0,Shakib Al Hasan,3.0,0,31,0,10.33,7,5,1,0,0,0,0,0,-2,0,-2
272,272,1,SP Narine,4.0,0,42,0,10.5,7,4,2,0,0,0,0,0,-2,0,-2
273,273,2,NM Coulter-Nile,3.2,0,41,2,12.3,6,5,2,0,1,20,0,0,-3,0,17
274,274,3,CR Woakes,2.0,0,20,1,10.0,3,2,1,0,0,10,0,0,-2,0,8
275,275,4,Kuldeep Yadav,4.0,0,33,2,8.25,7,3,1,0,0,20,0,0,0,0,20
276,276,5,UT Yadav,2.0,0,17,1,8.5,3,1,1,0,0,10,0,0,0,0,10
277,277,0,JD Unadkat,4.0,0,41,1,10.25,7,3,3,0,0,10,0,0,-2,0,8
278,278,1,Washington Sundar,3.0,0,19,0,6.33,7,2,0,2,0,0,0,0,0,0,0
279,279,2,BA Stokes,2.0,0,19,0,9.5,4,2,1,0,0,0,0,0,-1,0,-1
280,280,3,SN Thakur,4.0,0,50,0,12.5,4,9,0,1,0,0,0,0,-3,0,-3
281,281,4,DT Christian,4.0,0,20,1,5.0,11,1,0,0,0,10,0,0,1,0,11
282,282,5,Imran Tahir,3.0,0,23,1,7.66,5,0,1,0,1,10,0,0,0,0,10
283,283,0,B Kumar,4.0,0,39,1,9.75,9,5,1,1,0,10,0,0,-1,0,9
284,284,1,Bipul Sharma,4.0,0,30,1,7.5,10,2,2,0,0,10,0,0,0,0,10
285,285,2,Mohammed Siraj,4.0,0,42,0,10.5,6,4,2,0,0,0,0,0,-2,0,-2
286,286,3,S Kaul,3.0,0,45,0,15.0,1,4,3,0,0,0,0,0,-3,0,-3
287,287,4,Rashid Khan,4.0,0,17,1,4.25,10,1,0,0,0,10,0,0,2,0,12
288,288,5,MC Henriques,1.0,0,4,0,4.0,2,0,0,0,0,0,0,0,2,0,2
289,289,0,K Rabada,4.0,0,30,1,7.5,13,0,2,2,1,10,0,0,0,0,10
290,290,1,CH Morris,4.0,0,33,0,8.25,10,2,2,1,0,0,0,0,0,0,0
291,291,2,Z Khan,4.0,0,36,0,9.0,8,6,0,1,0,0,0,0,-1,0,-1
292,292,3,A Mishra,4.0,1,18,2,4.5,14,2,0,1,0,20,0,0,2,4,26
293,293,4,PJ Cummins,4.0,0,20,2,5.0,11,1,0,1,0,20,0,0,1,0,21
294,294,0,MG Johnson,4.0,1,23,0,5.75,14,3,0,1,0,0,0,0,1,4,5
295,295,1,MJ McClenaghan,4.0,0,24,3,6.0,12,2,1,1,0,30,0,0,0,0,30
296,296,2,JJ Bumrah,4.0,0,21,2,5.25,11,2,0,1,0,20,0,0,1,0,21
297,297,3,HH Pandya,3.0,0,23,1,7.66,6,2,0,2,0,10,0,0,0,0,10
298,298,4,Harbhajan Singh,4.0,0,26,0,6.5,9,2,1,0,0,0,0,0,0,0,0
299,299,5,KH Pandya,1.0,0,8,0,8.0,1,1,0,0,0,0,0,0,0,0,0
300,300,0,SS Agarwal,4.0,0,42,1,10.5,7,3,3,0,0,10,0,0,-2,0,8
301,301,1,NB Singh,2.0,0,7,1,3.5,8,1,0,0,0,10,0,0,3,0,13
302,302,2,SK Raina,1.0,0,6,0,6.0,3,1,0,0,0,0,0,0,0,0,0
303,303,3,Basil Thampi,4.0,0,44,0,11.0,6,4,2,1,0,0,0,0,-3,0,-3
304,304,4,AJ Tye,4.0,0,35,2,8.75,7,4,1,0,0,20,0,0,0,0,20
305,305,5,RA Jadeja,4.0,0,32,1,8.0,7,3,1,0,0,10,0,0,0,0,10
306,306,6,DR Smith,1.0,0,18,1,18.0,1,1,2,0,0,10,0,0,-3,0,7
307,307,0,Sandeep Sharma,4.0,0,40,2,10.0,7,7,0,0,0,20,0,0,-2,0,18
308,308,1,MM Sharma,4.0,0,25,1,6.25,10,2,0,1,0,10,0,0,0,0,10
309,309,2,T Natarajan,3.0,0,22,0,7.33,4,0,1,2,0,0,0,0,0,0,0
310,310,3,KC Cariappa,4.0,0,24,2,6.0,8,2,0,0,0,20,0,0,0,0,20
311,311,4,AR Patel,4.0,0,36,2,9.0,7,4,1,0,0,20,0,0,-1,0,19
312,312,5,MP Stoinis,1.0,0,12,0,12.0,0,1,0,1,0,0,0,0,-3,0,-3
313,313,0,S Badree,4.0,0,33,1,8.25,10,4,1,0,0,10,0,0,0,0,10
314,314,1,TS Mills,4.0,0,31,2,7.75,13,2,1,2,0,20,0,0,0,0,20
315,315,2,S Aravind,3.3,0,27,1,7.71,7,4,0,0,0,10,0,0,0,0,10
316,316,3,STR Binny,1.0,0,9,1,9.0,3,2,0,0,0,10,0,0,-1,0,9
317,317,4,YS Chahal,4.0,0,16,3,4.0,10,0,0,1,0,30,0,0,2,0,32
318,318,5,P Negi,3.0,0,15,2,5.0,10,2,0,1,0,20,0,0,1,0,21
319,319,0,NM Coulter-Nile,3.0,0,21,3,7.0,12,4,0,1,2,30,0,0,0,0,30
320,320,1,UT Yadav,3.0,0,15,1,5.0,12,3,0,0,0,10,0,0,1,0,11
321,321,2,CR Woakes,2.0,0,6,3,3.0,10,1,0,1,0,30,0,0,3,0,33
322,322,3,C de Grandhomme,1.4,0,4,3,2.4,7,0,0,0,0,30,0,0,3,0,33
323,323,0,MG Johnson,4.0,0,34,1,8.5,9,4,1,1,0,10,0,0,0,0,10
324,324,1,MJ McClenaghan,4.0,0,36,0,9.0,10,7,0,1,0,0,0,0,-1,0,-1
325,325,2,KV Sharma,4.0,0,39,2,9.75,7,3,2,0,0,20,0,0,-1,0,19
326,326,3,JJ Bumrah,4.0,0,29,2,7.25,10,3,0,0,0,20,0,0,0,0,20
327,327,4,Harbhajan Singh,4.0,0,20,1,5.0,7,0,0,0,0,10,0,0,1,0,11
328,328,0,Washington Sundar,4.0,0,26,1,6.5,8,3,0,0,0,10,0,0,0,0,10
329,329,1,SN Thakur,3.0,0,29,0,9.66,6,3,1,1,0,0,0,0,-1,0,-1
330,330,2,JD Unadkat,4.0,0,40,2,10.0,8,4,2,1,0,20,0,0,-2,0,18
331,331,3,BA Stokes,4.0,1,21,2,5.25,10,2,0,1,0,20,0,0,1,4,25
332,332,4,DT Christian,1.0,0,6,1,6.0,3,1,0,0,0,10,0,0,0,0,10
333,333,5,Imran Tahir,4.0,0,32,1,8.0,12,3,2,0,0,10,0,0,0,0,10
334,334,0,UT Yadav,3.0,0,28,1,9.33,8,3,1,3,0,10,0,0,-1,0,9
335,335,1,CR Woakes,3.0,0,38,0,12.66,3,2,3,1,0,0,0,0,-3,0,-3
336,336,2,SP Narine,4.0,0,34,1,8.5,6,5,0,1,0,10,0,0,0,0,10
337,337,3,C de Grandhomme,2.0,0,14,0,7.0,2,1,0,0,0,0,0,0,0,0,0
338,338,4,PP Chawla,4.0,0,36,1,9.0,6,3,1,0,0,10,0,0,-1,0,9
339,339,5,Kuldeep Yadav,4.0,0,31,2,7.75,8,2,1,0,0,20,0,0,0,0,20
340,340,0,JD Unadkat,3.0,0,26,1,8.66,6,4,0,1,0,10,0,0,0,0,10
341,341,1,SN Thakur,3.1,0,31,0,9.78,7,4,0,2,0,0,0,0,-1,0,-1
342,342,2,Washington Sundar,3.0,0,32,0,10.66,7,3,2,0,0,0,0,0,-2,0,-2
343,343,3,DT Christian,4.0,0,31,1,7.75,7,2,1,2,0,10,0,0,0,0,10
344,344,4,Imran Tahir,4.0,0,48,0,12.0,4,2,4,0,0,0,0,0,-3,0,-3
345,345,5,RA Tripathi,1.0,0,12,0,12.0,0,2,0,0,0,0,0,0,-3,0,-3
346,346,0,NB Singh,2.0,0,8,0,4.0,8,1,0,1,0,0,0,0,2,0,2
347,347,1,Basil Thampi,4.0,0,34,1,8.5,10,4,1,1,0,10,0,0,0,0,10
348,348,2,AJ Tye,4.0,0,12,3,3.0,13,0,0,0,0,30,0,0,3,0,33
349,349,3,RA Jadeja,4.0,0,28,2,7.0,8,3,0,0,0,20,0,0,0,0,20
350,350,4,Ankit Soni,3.0,0,28,1,9.33,6,0,3,1,0,10,0,0,-1,0,9
351,351,5,JP Faulkner,3.0,0,15,1,5.0,6,1,0,0,0,10,0,0,1,0,11
352,352,0,S Badree,3.0,0,29,2,9.66,9,3,2,0,0,20,0,0,-1,0,19
353,353,1,S Aravind,3.0,0,19,0,6.33,10,3,0,1,1,0,0,0,0,0,0
354,354,2,A Choudhary,2.0,0,21,0,10.5,5,2,1,2,0,0,0,0,-2,0,-2
355,355,3,YS Chahal,3.0,0,29,0,9.66,5,3,1,0,1,0,0,0,-1,0,-1
356,356,4,P Negi,2.0,0,24,1,12.0,4,0,3,1,0,10,0,0,-3,0,7
357,357,5,TM Head,0.5,0,11,0,13.2,0,2,0,0,0,0,0,0,-3,0,-3
358,358,0,NM Coulter-Nile,4.0,0,34,3,8.5,11,7,0,0,0,30,0,0,0,0,30
359,359,1,UT Yadav,4.0,0,38,1,9.5,9,3,2,1,0,10,0,0,-1,0,9
360,360,2,CR Woakes,3.0,0,20,0,6.66,5,2,0,0,0,0,0,0,0,0,0
361,361,3,SP Narine,4.0,0,25,1,6.25,8,1,0,1,0,10,0,0,0,0,10
362,362,4,Kuldeep Yadav,4.0,0,27,0,6.75,4,0,1,0,0,0,0,0,0,0,0
363,363,5,C de Grandhomme,1.0,0,15,0,15.0,0,1,1,0,0,0,0,0,-3,0,-3
364,364,0,Z Khan,1.1,0,8,0,6.85,3,1,0,0,0,0,0,0,0,0,0
365,365,1,K Rabada,3.2,0,20,2,6.0,10,3,0,1,0,20,0,0,0,0,20
366,366,2,CJ Anderson,2.5,0,27,0,9.52,3,4,0,0,0,0,0,0,-1,0,-1
367,367,3,CH Morris,3.0,0,39,0,13.0,3,4,2,0,0,0,0,0,-3,0,-3
368,368,4,PJ Cummins,3.0,0,22,0,7.33,7,2,1,0,0,0,0,0,0,0,0
369,369,5,A Mishra,3.0,0,36,0,12.0,5,6,1,0,0,0,0,0,-3,0,-3
370,370,0,I Sharma,4.0,0,41,0,10.25,8,3,2,0,0,0,0,0,-2,0,-2
371,371,1,Anureet Singh,2.0,0,26,0,13.0,2,5,0,0,0,0,0,0,-3,0,-3
372,372,2,MM Sharma,3.0,0,34,1,11.33,2,5,0,0,0,10,0,0,-3,0,7
373,373,3,AR Patel,3.0,0,34,0,11.33,3,1,3,0,0,0,0,0,-3,0,-3
374,374,4,KC Cariappa,4.0,0,42,0,10.5,3,4,1,2,0,0,0,0,-2,0,-2
375,375,5,GJ Maxwell,4.0,0,29,2,7.25,6,1,1,0,0,20,0,0,0,0,20
376,376,0,B Kumar,4.0,0,27,2,6.75,9,4,0,0,0,20,0,0,0,0,20
377,377,1,A Nehra,4.0,0,42,3,10.5,9,7,1,0,0,30,0,0,-2,0,28
378,378,2,S Kaul,4.0,0,36,3,9.0,7,4,1,0,1,30,0,0,-1,0,29
379,379,3,DJ Hooda,1.0,0,17,0,17.0,1,2,1,0,0,0,0,0,-3,0,-3
380,380,4,MC Henriques,3.0,0,39,0,13.0,2,6,1,0,0,0,0,0,-3,0,-3
381,381,5,Rashid Khan,4.0,0,16,1,4.0,14,2,0,0,0,10,0,0,2,0,12
382,382,0,AF Milne,4.0,0,35,0,8.75,10,5,0,2,0,0,0,0,0,0,0
383,383,1,S Badree,4.0,0,31,1,7.75,8,3,1,0,0,10,0,0,0,0,10
384,384,2,S Aravind,4.0,0,30,0,7.5,8,1,2,0,0,0,0,0,0,0,0
385,385,3,YS Chahal,2.0,0,25,0,12.5,1,2,1,0,0,0,0,0,-3,0,-3
386,386,4,P Negi,4.0,0,18,1,4.5,12,1,0,1,0,10,0,0,2,0,12
387,387,5,STR Binny,2.0,0,17,1,8.5,2,2,0,0,0,10,0,0,0,0,10
388,388,0,DL Chahar,2.0,0,18,0,9.0,3,3,0,0,0,0,0,0,-1,0,-1
389,389,1,JD Unadkat,4.0,0,19,1,4.75,11,1,0,1,0,10,0,0,2,0,12
390,390,2,LH Ferguson,4.0,1,7,2,1.75,18,0,0,1,0,20,0,0,3,4,27
391,391,3,DT Christian,4.0,0,25,1,6.25,10,2,0,0,0,10,0,0,0,0,10
392,392,4,Imran Tahir,4.0,0,18,3,4.5,12,0,1,0,0,30,0,0,2,0,32
393,393,5,Washington Sundar,2.0,0,7,1,3.5,5,0,0,0,0,10,0,0,3,0,13
394,394,0,MJ McClenaghan,4.0,0,50,0,12.5,7,4,4,1,0,0,0,0,-3,0,-3
395,395,1,SL Malinga,4.0,0,33,2,8.25,10,2,1,4,0,20,0,0,0,0,20
396,396,2,Harbhajan Singh,4.0,0,23,1,5.75,11,3,0,1,0,10,0,0,1,0,11
397,397,3,JJ Bumrah,4.0,0,32,2,8.0,10,4,0,0,2,20,0,0,0,0,20
398,398,4,KH Pandya,4.0,0,14,3,3.5,16,0,1,1,0,30,0,0,3,0,33
399,399,0,Basil Thampi,4.0,0,29,3,7.25,8,4,0,0,0,30,0,0,0,0,30
400,400,1,JP Faulkner,4.0,0,34,2,8.5,7,5,0,0,0,20,0,0,0,0,20
401,401,2,IK Pathan,2.0,0,26,0,13.0,4,2,2,0,0,0,0,0,-3,0,-3
402,402,3,Ankit Soni,4.0,0,16,1,4.0,13,1,0,1,0,10,0,0,2,0,12
403,403,4,SK Raina,4.0,0,28,0,7.0,6,1,1,0,0,0,0,0,0,0,0
404,404,5,AJ Tye,1.0,0,9,0,9.0,2,1,0,0,0,0,0,0,-1,0,-1
405,405,6,RA Jadeja,1.0,0,11,0,11.0,1,2,0,0,0,0,0,0,-3,0,-3
406,406,0,Sandeep Sharma,4.0,0,20,4,5.0,14,1,1,2,0,40,0,0,1,0,41
407,407,1,T Natarajan,2.0,0,7,0,3.5,9,1,0,1,0,0,0,0,3,0,3
408,408,2,MM Sharma,1.1,0,3,1,2.57,5,0,0,0,0,10,0,0,3,0,13
409,409,3,AR Patel,4.0,0,22,2,5.5,12,1,1,2,0,20,0,0,1,0,21
410,410,4,GJ Maxwell,4.0,0,12,1,3.0,15,0,0,0,0,10,0,0,3,0,13
411,411,5,VR Aaron,2.0,0,3,2,1.5,9,0,0,0,0,20,0,0,3,0,23
412,412,0,Mohammed Shami,2.0,0,19,0,9.5,6,4,0,1,0,0,0,0,-1,0,-1
413,413,1,K Rabada,2.0,0,18,0,9.0,5,3,0,1,0,0,0,0,-1,0,-1
414,414,2,CH Morris,2.0,0,13,0,6.5,6,0,1,0,0,0,0,0,0,0,0
415,415,3,A Mishra,1.0,0,9,0,9.0,2,0,1,0,0,0,0,0,-1,0,-1
416,416,4,S Nadeem,0.5,0,9,0,10.8,1,0,1,0,0,0,0,0,-2,0,-2
417,417,0,NM Coulter-Nile,4.0,0,34,0,8.5,7,2,1,1,0,0,0,0,0,0,0
418,418,1,UT Yadav,4.0,0,30,0,7.5,11,1,2,0,0,0,0,0,0,0,0
419,419,2,CR Woakes,4.0,0,46,1,11.5,8,5,2,1,0,10,0,0,-3,0,7
420,420,3,YK Pathan,1.0,0,17,0,17.0,1,2,1,0,0,0,0,0,-3,0,-3
421,421,4,SP Narine,3.0,0,37,0,12.33,2,4,1,1,0,0,0,0,-3,0,-3
422,422,5,Kuldeep Yadav,4.0,0,43,0,10.75,5,3,2,2,0,0,0,0,-2,0,-2
423,423,0,B Kumar,4.0,0,29,2,7.25,7,3,0,0,0,20,0,0,0,0,20
424,424,1,Mohammed Siraj,4.0,0,26,2,6.5,12,2,1,0,0,20,0,0,0,0,20
425,425,2,S Kaul,4.0,0,26,2,6.5,11,4,0,0,0,20,0,0,0,0,20
426,426,3,MC Henriques,3.0,0,31,0,10.33,1,1,2,0,0,0,0,0,-2,0,-2
427,427,4,Rashid Khan,4.0,0,38,1,9.5,7,2,2,1,0,10,0,0,-1,0,9
428,428,5,Bipul Sharma,1.0,0,10,0,10.0,0,0,0,1,0,0,0,0,-2,0,-2
429,429,0,MJ McClenaghan,4.0,0,34,3,8.5,9,4,1,0,0,30,0,0,0,0,30
430,430,1,SL Malinga,4.0,0,31,0,7.75,10,2,2,0,0,0,0,0,0,0,0
431,431,2,HH Pandya,1.0,0,5,0,5.0,2,0,0,0,0,0,0,0,1,0,1
432,432,3,KV Sharma,3.0,0,23,1,7.66,5,1,1,1,0,10,0,0,0,0,10
433,433,4,JJ Bumrah,4.0,0,33,1,8.25,8,1,2,0,0,10,0,0,0,0,10
434,434,5,KH Pandya,4.0,0,34,2,8.5,7,2,2,1,0,20,0,0,0,0,20
435,435,0,A Choudhary,4.0,0,32,1,8.0,9,3,1,1,0,10,0,0,0,0,10
436,436,1,YS Chahal,4.0,0,36,1,9.0,8,4,1,1,0,10,0,0,-1,0,9
437,437,2,AF Milne,2.0,0,29,0,14.5,1,5,0,1,0,0,0,0,-3,0,-3
438,438,3,S Aravind,2.0,0,21,0,10.5,2,2,1,0,0,0,0,0,-2,0,-2
439,439,4,SR Watson,3.5,0,28,1,7.3,6,3,0,1,0,10,0,0,0,0,10
440,440,5,P Negi,4.0,0,17,2,4.25,10,0,0,0,0,20,0,0,2,0,22
441,441,0,JD Unadkat,3.5,0,29,3,7.56,10,3,1,0,0,30,0,0,0,0,30
442,442,1,Washington Sundar,2.0,0,12,0,6.0,8,1,1,0,0,0,0,0,0,0,0
443,443,2,BA Stokes,4.0,0,36,0,9.0,10,5,1,0,0,0,0,0,-1,0,-1
444,444,3,Imran Tahir,4.0,0,27,3,6.75,9,2,1,0,0,30,0,0,0,0,30
445,445,4,SN Thakur,3.0,0,25,1,8.33,5,3,0,1,0,10,0,0,0,0,10
446,446,5,DT Christian,3.0,0,27,1,9.0,3,1,1,1,0,10,0,0,-1,0,9
447,447,0,PJ Sangwan,4.0,0,38,2,9.5,10,5,1,1,0,20,0,0,-1,0,19
448,448,1,Basil Thampi,4.0,0,35,2,8.75,7,2,2,1,0,20,0,0,0,0,20
449,449,2,JP Faulkner,2.5,0,30,0,10.58,4,2,2,0,0,0,0,0,-2,0,-2
450,450,3,Ankit Soni,4.0,0,16,0,4.0,13,0,0,1,0,0,0,0,2,0,2
451,451,4,RA Jadeja,2.0,0,19,0,9.5,7,1,2,0,0,0,0,0,-1,0,-1
452,452,5,DR Smith,3.0,0,26,0,8.66,5,2,1,1,0,0,0,0,0,0,0
453,453,0,J Yadav,4.0,0,26,0,6.5,12,1,2,0,0,0,0,0,0,0,0
454,454,1,K Rabada,4.0,0,59,0,14.75,4,10,1,0,1,0,0,0,-3,0,-3
455,455,2,CH Morris,4.0,0,36,0,9.0,7,4,1,0,0,0,0,0,-1,0,-1
456,456,3,Mohammed Shami,4.0,0,36,2,9.0,8,5,0,1,0,20,0,0,-1,0,19
457,457,4,A Mishra,4.0,0,23,1,5.75,9,2,0,1,0,10,0,0,1,0,11
458,458,0,B Kumar,4.0,0,33,1,8.25,9,3,1,0,0,10,0,0,0,0,10
459,459,1,Mohammed Siraj,4.0,0,41,2,10.25,7,3,3,0,0,20,0,0,-2,0,18
460,460,2,S Kaul,4.0,0,38,1,9.5,7,1,3,1,0,10,0,0,-1,0,9
461,461,3,MC Henriques,2.1,0,36,0,16.61,1,6,1,1,0,0,0,0,-3,0,-3
462,462,4,Rashid Khan,4.0,0,24,0,6.0,8,2,0,0,0,0,0,0,0,0,0
463,463,5,Yuvraj Singh,1.0,0,16,0,16.0,0,0,2,0,0,0,0,0,-3,0,-3
464,464,0,JD Unadkat,4.0,1,28,2,7.0,15,3,2,0,0,20,0,0,0,4,24
465,465,1,BA Stokes,4.0,0,24,1,6.0,10,3,0,0,0,10,0,0,0,0,10
466,466,2,Washington Sundar,2.0,0,18,2,9.0,6,2,1,0,0,20,0,0,-1,0,19
467,467,3,SN Thakur,3.0,0,21,0,7.0,6,3,0,0,0,0,0,0,0,0,0
468,468,4,Imran Tahir,4.0,0,36,1,9.0,6,1,3,0,0,10,0,0,-1,0,9
469,469,5,DT Christian,3.0,0,23,1,7.66,6,2,1,0,0,10,0,0,0,0,10
470,470,0,NM Coulter-Nile,3.0,0,41,0,13.66,8,6,2,2,0,0,0,0,-3,0,-3
471,471,1,UT Yadav,4.0,0,23,1,5.75,12,2,1,0,0,10,0,0,1,0,11
472,472,2,CR Woakes,4.0,0,18,3,4.5,14,1,1,0,0,30,0,0,2,0,32
473,473,3,SP Narine,4.0,0,28,1,7.0,9,4,0,0,0,10,0,0,0,0,10
474,474,4,Kuldeep Yadav,4.0,0,35,1,8.75,10,0,4,0,0,10,0,0,0,0,10
475,475,5,C de Grandhomme,0.2,0,7,0,21.0,0,0,1,0,0,0,0,0,-3,0,-3
476,476,0,S Nadeem,2.0,0,28,0,14.0,3,3,2,0,0,0,0,0,-3,0,-3
477,477,1,K Rabada,4.0,0,28,2,7.0,11,2,1,0,0,20,0,0,0,0,20
478,478,2,PJ Cummins,4.0,0,30,2,7.5,9,4,0,0,0,20,0,0,0,0,20
479,479,3,Mohammed Shami,3.0,0,40,0,13.33,4,5,2,0,0,0,0,0,-3,0,-3
480,480,4,A Mishra,2.0,0,23,0,11.5,1,2,1,0,0,0,0,0,-3,0,-3
481,481,5,MN Samuels,2.0,0,22,0,11.0,3,0,2,0,0,0,0,0,-3,0,-3
482,482,6,CJ Anderson,3.0,0,36,1,12.0,3,0,3,4,0,10,0,0,-3,0,7
483,483,0,PJ Sangwan,4.0,0,43,1,10.75,11,3,4,1,0,10,0,0,-2,0,8
484,484,1,Basil Thampi,4.0,0,40,1,10.0,9,0,4,3,0,10,0,0,-2,0,8
485,485,2,JP Faulkner,2.3,0,35,0,14.0,5,1,4,1,0,0,0,0,-3,0,-3
486,486,3,SK Raina,2.0,0,24,0,12.0,3,1,2,0,0,0,0,0,-3,0,-3
487,487,4,Ankit Soni,2.0,0,26,0,13.0,2,0,3,0,0,0,0,0,-3,0,-3
488,488,5,RA Jadeja,2.0,0,28,1,14.0,4,1,3,0,0,10,0,0,-3,0,7
489,489,6,DR Smith,1.0,0,11,0,11.0,1,2,0,0,0,0,0,0,-3,0,-3
490,490,0,A Choudhary,4.0,1,17,2,4.25,13,1,0,0,0,20,0,0,2,4,26
491,491,1,S Aravind,2.0,0,13,1,6.5,6,2,0,0,0,10,0,0,0,0,10
492,492,2,SR Watson,4.0,0,43,1,10.75,5,5,1,1,0,10,0,0,-2,0,8
493,493,3,S Badree,3.0,0,14,0,4.66,8,1,0,0,0,0,0,0,2,0,2
494,494,4,P Negi,3.0,0,21,1,7.0,7,1,1,0,0,10,0,0,0,0,10
495,495,5,YS Chahal,4.0,0,21,2,5.25,14,1,1,2,0,20,0,0,1,0,21
496,496,0,Sandeep Sharma,4.0,0,22,3,5.5,15,2,1,0,0,30,0,0,1,0,31
497,497,1,T Natarajan,1.0,0,15,0,15.0,2,2,1,0,0,0,0,0,-3,0,-3
498,498,2,VR Aaron,4.0,0,28,0,7.0,14,5,0,2,0,0,0,0,0,0,0
499,499,3,MM Sharma,4.0,0,24,2,6.0,8,1,1,0,0,20,0,0,0,0,20
500,500,4,AR Patel,3.0,0,11,3,3.66,7,0,0,0,0,30,0,0,3,0,33
501,501,5,GJ Maxwell,3.0,0,15,2,5.0,5,0,0,1,0,20,0,0,1,0,21
502,502,0,B Kumar,4.0,0,39,0,9.75,5,2,2,2,0,0,0,0,-1,0,-1
503,503,1,A Nehra,1.1,0,5,0,4.28,4,0,0,1,0,0,0,0,2,0,2
504,504,2,S Kaul,4.0,0,29,4,7.25,9,3,0,1,0,40,0,0,0,0,40
505,505,3,Rashid Khan,4.0,0,18,1,4.5,9,0,0,0,0,10,0,0,2,0,12
506,506,4,MC Henriques,2.5,0,15,0,5.29,7,0,1,0,0,0,0,0,1,0,1
507,507,5,Bipul Sharma,4.0,0,39,1,9.75,5,0,3,0,0,10,0,0,-1,0,9
508,508,0,JD Unadkat,4.0,1,30,5,7.5,12,2,2,0,0,50,0,0,0,4,54
509,509,1,Washington Sundar,3.0,0,19,0,6.33,9,3,0,0,0,0,0,0,0,0,0
510,510,2,BA Stokes,4.0,0,30,3,7.5,11,2,1,1,0,30,0,0,0,0,30
511,511,3,Imran Tahir,4.0,0,24,1,6.0,11,1,1,1,0,10,0,0,0,0,10
512,512,4,SN Thakur,2.0,0,12,0,6.0,6,2,0,0,0,0,0,0,0,0,0
513,513,5,DT Christian,3.0,0,21,0,7.0,6,1,1,0,0,0,0,0,0,0,0
514,514,0,Z Khan,4.0,0,29,0,7.25,6,2,1,0,0,0,0,0,0,0,0
515,515,1,K Rabada,4.0,0,33,1,8.25,9,2,1,3,0,10,0,0,0,0,10
516,516,2,PJ Cummins,4.0,0,59,0,14.75,6,6,3,4,0,0,0,0,-3,0,-3
517,517,3,A Mishra,4.0,0,37,1,9.25,10,0,4,0,0,10,0,0,-1,0,9
518,518,4,Mohammed Shami,2.0,0,16,0,8.0,5,3,0,0,0,0,0,0,0,0,0
519,519,5,CJ Anderson,2.0,0,29,1,14.5,1,2,2,1,0,10,0,0,-3,0,7
520,520,0,MJ McClenaghan,2.0,0,18,1,9.0,5,2,1,0,0,10,0,0,-1,0,9
521,521,1,SL Malinga,2.0,0,5,2,2.5,10,1,0,0,0,20,0,0,3,0,23
522,522,2,JJ Bumrah,1.0,0,6,1,6.0,3,1,0,0,0,10,0,0,0,0,10
523,523,3,Harbhajan Singh,4.0,0,22,3,5.5,15,1,2,0,0,30,0,0,1,0,31
524,524,4,KV Sharma,3.4,0,11,3,3.0,14,0,0,1,0,30,0,0,3,0,33
525,525,5,HH Pandya,1.0,0,2,0,2.0,4,0,0,0,0,0,0,0,3,0,3
526,526,0,UT Yadav,4.0,0,36,3,9.0,12,4,2,1,0,30,0,0,-1,0,29
527,527,1,CR Woakes,4.0,0,39,1,9.75,8,3,2,1,0,10,0,0,-1,0,9
528,528,2,SP Narine,4.0,0,29,2,7.25,8,2,1,0,0,20,0,0,0,0,20
529,529,3,AS Rajpoot,4.0,0,25,0,6.25,7,1,1,0,0,0,0,0,0,0,0
530,530,4,PP Chawla,2.0,0,13,0,6.5,1,0,0,0,0,0,0,0,0,0,0
531,531,5,C de Grandhomme,2.0,0,15,0,7.5,2,1,0,0,0,0,0,0,0,0,0
532,532,0,A Choudhary,2.5,1,19,1,6.7,10,2,1,0,0,10,0,0,0,4,14
533,533,1,S Badree,3.0,0,40,0,13.33,5,2,4,0,0,0,0,0,-3,0,-3
534,534,2,YS Chahal,4.0,0,39,1,9.75,13,3,3,1,0,10,0,0,-1,0,9
535,535,3,S Aravind,1.0,0,26,0,26.0,0,4,1,2,0,0,0,0,-3,0,-3
536,536,4,P Negi,3.1,0,21,2,6.63,4,1,0,0,0,20,0,0,0,0,20
537,537,5,TM Head,1.1,0,11,0,9.42,1,0,1,0,0,0,0,0,-1,0,-1
538,538,0,PJ Sangwan,3.0,0,28,1,9.33,8,2,2,0,0,10,0,0,-1,0,9
539,539,1,DS Kulkarni,4.0,0,24,1,6.0,9,0,1,2,0,10,0,0,0,0,10
540,540,2,Basil Thampi,4.0,0,48,1,12.0,2,5,2,0,0,10,0,0,-3,0,7
541,541,3,JP Faulkner,4.0,0,43,0,10.75,2,4,1,0,0,0,0,0,-2,0,-2
542,542,4,RA Jadeja,2.0,0,19,0,9.5,1,2,0,1,0,0,0,0,-1,0,-1
543,543,5,Ankit Soni,3.0,0,27,0,9.0,3,1,1,0,0,0,0,0,-1,0,-1
544,544,0,Sandeep Sharma,4.0,0,29,2,7.25,9,4,0,0,1,20,0,0,0,0,20
545,545,1,MM Sharma,4.0,0,35,0,8.75,4,3,1,0,0,0,0,0,0,0,0
546,546,2,VR Aaron,4.0,0,43,0,10.75,6,5,1,0,0,0,0,0,-2,0,-2
547,547,3,AR Patel,3.0,0,29,0,9.66,1,0,2,0,0,0,0,0,-1,0,-1
548,548,4,GJ Maxwell,2.0,0,21,1,10.5,3,2,1,0,0,10,0,0,-2,0,8
549,549,5,T Natarajan,2.4,0,32,1,12.0,4,3,1,2,0,10,0,0,-3,0,7
550,550,0,B Kumar,4.0,0,29,2,7.25,9,1,1,3,0,20,0,0,0,0,20
551,551,1,Mohammad Nabi,4.0,0,13,1,3.25,15,1,0,0,0,10,0,0,3,0,13
552,552,2,Mohammed Siraj,3.0,0,32,0,10.66,6,3,1,3,0,0,0,0,-2,0,-2
553,553,3,S Kaul,4.0,0,24,3,6.0,8,1,0,0,0,30,0,0,0,0,30
554,554,4,Rashid Khan,4.0,0,22,1,5.5,11,1,1,0,0,10,0,0,1,0,11
555,555,5,MC Henriques,1.0,0,15,0,15.0,0,3,0,0,0,0,0,0,-3,0,-3
556,556,0,Harbhajan Singh,4.0,0,23,0,5.75,8,2,0,0,0,0,0,0,1,0,1
557,557,1,MJ McClenaghan,4.0,0,26,1,6.5,8,2,0,1,0,10,0,0,0,0,10
558,558,2,SL Malinga,4.0,0,34,1,8.5,6,3,0,1,0,10,0,0,0,0,10
559,559,3,JJ Bumrah,3.2,1,23,1,6.9,8,3,0,0,0,10,0,0,0,4,14
560,560,4,KV Sharma,2.0,0,19,0,9.5,6,1,2,0,0,0,0,0,-1,0,-1
561,561,5,HH Pandya,1.0,0,13,0,13.0,1,2,0,0,0,0,0,0,-3,0,-3
562,562,0,UT Yadav,3.0,0,26,1,8.66,7,3,0,2,0,10,0,0,0,0,10
563,563,1,C de Grandhomme,4.0,0,37,0,9.25,8,2,2,2,0,0,0,0,-1,0,-1
564,564,2,SP Narine,4.0,0,27,1,6.75,8,3,0,0,0,10,0,0,0,0,10
565,565,3,CR Woakes,4.0,0,20,2,5.0,12,2,0,1,0,20,0,0,1,0,21
566,566,4,AS Rajpoot,2.0,0,17,0,8.5,4,3,0,0,0,0,0,0,0,0,0
567,567,5,Kuldeep Yadav,3.0,0,34,2,11.33,4,0,3,1,0,20,0,0,-3,0,17
568,568,0,Sandeep Sharma,4.0,0,31,0,7.75,6,4,0,0,0,0,0,0,0,0,0
569,569,1,MJ Henry,3.0,0,31,1,10.33,5,4,1,0,0,10,0,0,-2,0,8
570,570,2,MM Sharma,3.0,0,24,2,8.0,8,3,1,0,0,20,0,0,0,0,20
571,571,3,AR Patel,4.0,0,28,0,7.0,9,2,1,0,0,0,0,0,0,0,0
572,572,4,R Tewatia,4.0,0,18,2,4.5,10,1,0,1,0,20,0,0,2,0,22
573,573,5,Swapnil Singh,2.0,0,19,0,9.5,2,0,1,1,0,0,0,0,-1,0,-1
574,574,0,Z Khan,4.0,0,30,0,7.5,9,3,1,0,0,0,0,0,0,0,0
575,575,1,Mohammed Shami,4.0,0,36,1,9.0,11,3,2,2,0,10,0,0,-1,0,9
576,576,2,PJ Cummins,4.0,0,38,1,9.5,4,5,0,0,0,10,0,0,-1,0,9
577,577,3,A Mishra,2.0,0,27,1,13.5,2,2,2,0,0,10,0,0,-3,0,7
578,578,4,CR Brathwaite,4.0,0,38,1,9.5,5,4,1,1,0,10,0,0,-1,0,9
579,579,5,CJ Anderson,2.0,0,19,0,9.5,3,3,0,1,0,0,0,0,-1,0,-1
580,580,0,DS Kulkarni,4.0,0,30,1,7.5,10,5,0,0,0,10,0,0,0,0,10
581,581,1,PJ Sangwan,3.0,0,35,1,11.66,7,8,0,0,0,10,0,0,-3,0,7
582,582,2,Basil Thampi,3.4,0,43,1,11.72,5,6,1,1,0,10,0,0,-3,0,7
583,583,3,DR Smith,1.0,0,17,0,17.0,1,4,0,0,0,0,0,0,-3,0,-3
584,584,4,RA Jadeja,4.0,0,31,0,7.75,10,4,1,0,0,0,0,0,0,0,0
585,585,5,JP Faulkner,4.0,0,39,2,9.75,10,4,2,0,0,20,0,0,-1,0,19
586,586,0,HH Pandya,2.0,0,29,0,14.5,3,3,2,1,0,0,0,0,-3,0,-3
587,587,1,MJ McClenaghan,4.0,0,54,1,13.5,4,7,1,2,2,10,0,0,-3,0,7
588,588,2,JJ Bumrah,4.0,0,24,1,6.0,10,3,0,0,0,10,0,0,0,0,10
589,589,3,SL Malinga,4.0,0,45,0,11.25,5,2,2,3,1,0,0,0,-3,0,-3
590,590,4,KV Sharma,3.0,0,32,1,10.66,4,2,2,0,0,10,0,0,-2,0,8
591,591,5,Harbhajan Singh,3.0,0,45,0,15.0,1,1,5,0,0,0,0,0,-3,0,-3
592,592,0,Sandeep Sharma,4.0,0,42,1,10.5,8,4,1,4,0,10,0,0,-2,0,8
593,593,1,MJ Henry,2.0,0,40,0,20.0,2,3,4,1,0,0,0,0,-3,0,-3
594,594,2,I Sharma,3.0,0,29,0,9.66,8,5,0,0,1,0,0,0,-1,0,-1
595,595,3,MM Sharma,4.0,0,57,2,14.25,6,6,4,0,0,20,0,0,-3,0,17
596,596,4,AR Patel,3.0,0,28,1,9.33,6,0,3,0,0,10,0,0,-1,0,9
597,597,5,GJ Maxwell,2.0,0,8,1,4.0,5,0,0,0,0,10,0,0,2,0,12
598,598,6,R Tewatia,2.0,0,17,1,8.5,5,0,2,0,0,10,0,0,0,0,10
599,599,0,JD Unadkat,4.0,0,29,2,7.25,10,2,1,0,0,20,0,0,0,0,20
600,600,1,SN Thakur,3.0,0,35,0,11.66,7,3,2,0,0,0,0,0,-3,0,-3
601,601,2,Washington Sundar,3.0,0,23,1,7.66,7,2,1,0,0,10,0,0,0,0,10
602,602,3,BA Stokes,4.0,0,31,2,7.75,11,3,1,3,0,20,0,0,0,0,20
603,603,4,A Zampa,4.0,0,29,1,7.25,9,2,1,1,0,10,0,0,0,0,10
604,604,5,DT Christian,2.0,0,18,1,9.0,1,2,0,0,0,10,0,0,-1,0,9
605,605,0,Z Khan,4.0,0,25,2,6.25,7,2,0,1,0,20,0,0,0,0,20
606,606,1,Mohammed Shami,4.0,0,37,2,9.25,7,3,1,2,0,20,0,0,-1,0,19
607,607,2,S Nadeem,3.0,0,21,1,7.0,11,3,1,0,0,10,0,0,0,0,10
608,608,3,A Mishra,3.0,0,26,0,8.66,4,2,1,1,0,0,0,0,0,0,0
609,609,4,PJ Cummins,4.0,0,31,1,7.75,12,2,2,1,0,10,0,0,0,0,10
610,610,5,MN Samuels,1.0,0,12,0,12.0,2,1,1,0,0,0,0,0,-3,0,-3
611,611,6,CJ Anderson,1.0,0,4,0,4.0,3,0,0,0,0,0,0,0,2,0,2
612,612,0,B Kumar,3.2,0,25,2,7.5,9,4,0,1,0,20,0,0,0,0,20
613,613,1,Mohammed Siraj,4.0,0,32,4,8.0,10,4,1,0,0,40,0,0,0,0,40
614,614,2,S Kaul,4.0,0,30,1,7.5,9,1,2,1,0,10,0,0,0,0,10
615,615,3,Mohammad Nabi,3.0,0,17,0,5.66,9,1,1,0,0,0,0,0,1,0,1
616,616,4,Rashid Khan,4.0,0,34,3,8.5,10,3,2,0,0,30,0,0,0,0,30
617,617,5,MC Henriques,1.0,0,12,0,12.0,1,2,0,0,0,0,0,0,-3,0,-3
618,618,0,P Kumar,4.0,0,22,2,5.5,15,4,0,1,0,20,0,0,1,0,21
619,619,1,PJ Sangwan,4.0,0,37,0,9.25,10,7,0,0,0,0,0,0,-1,0,-1
620,620,2,JP Faulkner,2.0,0,24,0,12.0,0,3,0,0,0,0,0,0,-3,0,-3
621,621,3,MM Patel,3.0,0,22,0,7.33,3,2,0,0,0,0,0,0,0,0,0
622,622,4,RA Jadeja,3.0,0,19,0,6.33,4,1,0,0,0,0,0,0,0,0,0
623,623,5,Ankit Soni,2.1,0,31,0,14.3,1,6,0,0,0,0,0,0,-3,0,-3
624,624,0,TA Boult,4.0,0,30,2,7.5,13,2,2,2,0,20,0,0,0,0,20
625,625,1,C de Grandhomme,2.0,0,16,0,8.0,7,3,0,2,0,0,0,0,0,0,0
626,626,2,UT Yadav,4.0,0,40,0,10.0,9,5,2,0,0,0,0,0,-2,0,-2
627,627,3,SP Narine,4.0,0,37,0,9.25,8,6,0,1,0,0,0,0,-1,0,-1
628,628,4,Kuldeep Yadav,3.0,0,25,1,8.33,5,2,1,0,0,10,0,0,0,0,10
629,629,5,AS Rajpoot,3.0,0,14,1,4.66,9,1,0,0,0,10,0,0,2,0,12
630,630,0,TG Southee,4.0,1,39,2,9.75,11,4,2,1,1,20,0,0,-1,4,23
631,631,1,MG Johnson,4.0,0,30,1,7.5,12,4,1,1,0,10,0,0,0,0,10
632,632,2,KV Sharma,3.0,0,26,1,8.66,8,2,2,0,0,10,0,0,0,0,10
633,633,3,R Vinay Kumar,3.0,0,31,2,10.33,6,3,1,2,0,20,0,0,-2,0,18
634,634,4,KH Pandya,2.0,0,14,0,7.0,2,1,0,0,0,0,0,0,0,0,0
635,635,5,HH Pandya,4.0,0,22,2,5.5,9,0,1,0,0,20,0,0,1,0,21
636,636,0,JD Unadkat,3.0,1,12,2,4.0,14,1,1,0,0,20,0,0,2,4,26
637,637,1,SN Thakur,4.0,0,19,3,4.75,16,3,0,2,0,30,0,0,2,0,32
638,638,2,BA Stokes,3.0,0,10,0,3.33,12,1,0,1,0,0,0,0,3,0,3
639,639,3,A Zampa,3.5,0,22,2,5.73,8,0,1,0,0,20,0,0,1,0,21
640,640,4,DT Christian,2.0,0,10,2,5.0,4,0,0,0,0,20,0,0,1,0,21
641,641,0,Sandeep Sharma,2.0,0,12,0,6.0,5,1,0,1,0,0,0,0,0,0,0
642,642,1,MM Sharma,1.0,0,6,0,6.0,3,1,0,0,0,0,0,0,0,0,0
643,643,2,I Sharma,1.0,0,12,0,12.0,1,2,0,0,0,0,0,0,-3,0,-3
644,644,3,R Tewatia,3.0,0,14,0,4.66,10,0,1,0,0,0,0,0,2,0,2
645,645,4,AR Patel,2.0,0,13,1,6.5,2,1,0,0,0,10,0,0,0,0,10
646,646,5,Swapnil Singh,1.0,0,6,0,6.0,1,0,0,0,0,0,0,0,0,0,0
647,647,6,GJ Maxwell,2.0,0,15,0,7.5,3,0,1,0,0,0,0,0,0,0,0
648,648,0,Z Khan,4.0,0,31,1,7.75,10,2,2,1,0,10,0,0,0,0,10
649,649,1,Mohammed Shami,4.0,0,31,0,7.75,11,2,2,1,0,0,0,0,0,0,0
650,650,2,PJ Cummins,4.0,0,21,2,5.25,10,1,0,2,0,20,0,0,1,0,21
651,651,3,A Mishra,2.0,0,26,0,13.0,3,2,2,0,0,0,0,0,-3,0,-3
652,652,4,CJ Anderson,4.0,0,38,0,9.5,3,3,1,2,0,0,0,0,-1,0,-1
653,653,5,S Nadeem,2.0,0,12,1,6.0,4,1,0,1,0,10,0,0,0,0,10
654,654,0,Avesh Khan,4.0,0,23,1,5.75,12,2,1,0,0,10,0,0,1,0,11
655,655,1,YS Chahal,3.0,0,24,0,8.0,8,2,1,0,1,0,0,0,0,0,0
656,656,2,HV Patel,4.0,0,43,3,10.75,8,7,1,1,0,30,0,0,-2,0,28
657,657,3,SR Watson,4.0,0,16,1,4.0,11,1,0,0,0,10,0,0,2,0,12
658,658,4,TM Head,3.0,0,30,2,10.0,5,1,2,0,0,20,0,0,-2,0,18
659,659,5,P Negi,2.0,0,10,3,5.0,7,0,1,0,0,30,0,0,1,0,31
660,660,0,MJ McClenaghan,4.0,0,46,1,11.5,10,3,3,4,1,10,0,0,-3,0,7
661,661,1,SL Malinga,3.0,0,14,1,4.66,8,1,0,0,0,10,0,0,2,0,12
662,662,2,JJ Bumrah,4.0,0,33,0,8.25,6,1,2,0,0,0,0,0,0,0,0
663,663,3,KV Sharma,4.0,0,30,1,7.5,10,1,2,0,0,10,0,0,0,0,10
664,664,4,KH Pandya,4.0,0,22,0,5.5,9,2,0,0,0,0,0,0,1,0,1
665,665,5,HH Pandya,1.0,0,15,0,15.0,0,1,1,0,0,0,0,0,-3,0,-3
666,666,0,JD Unadkat,4.0,0,24,1,6.0,10,0,2,0,0,10,0,0,0,0,10
667,667,1,Washington Sundar,4.0,0,16,3,4.0,13,0,1,0,0,30,0,0,2,0,32
668,668,2,LH Ferguson,3.0,0,21,1,7.0,10,1,1,5,0,10,0,0,0,0,10
669,669,3,SN Thakur,4.0,0,37,3,9.25,7,4,1,1,0,30,0,0,-1,0,29
670,670,4,A Zampa,1.0,0,9,0,9.0,2,0,1,0,0,0,0,0,-1,0,-1
671,671,5,DT Christian,4.0,0,33,0,8.25,6,2,1,1,0,0,0,0,0,0,0
672,672,0,UT Yadav,4.0,0,21,2,5.25,12,2,0,1,0,20,0,0,1,0,21
673,673,1,TA Boult,4.0,0,30,1,7.5,8,2,1,1,0,10,0,0,0,0,10
674,674,2,SP Narine,4.0,0,20,0,5.0,13,1,1,0,0,0,0,0,1,0,1
675,675,3,YK Pathan,1.0,0,7,0,7.0,2,1,0,0,0,0,0,0,0,0,0
676,676,4,NM Coulter-Nile,4.0,0,20,3,5.0,12,1,1,0,0,30,0,0,1,0,31
677,677,5,PP Chawla,3.0,0,27,1,9.0,7,2,2,0,0,10,0,0,-1,0,9
678,678,0,B Kumar,1.0,0,11,1,11.0,3,1,1,0,0,10,0,0,-3,0,7
679,679,1,CJ Jordan,1.0,0,9,1,9.0,3,0,1,1,0,10,0,0,-1,0,9
680,680,2,Rashid Khan,2.0,0,11,0,5.5,5,0,0,2,0,0,0,0,1,0,1
681,681,3,S Kaul,1.0,0,14,0,14.0,0,1,1,0,0,0,0,0,-3,0,-3
682,682,4,Bipul Sharma,0.2,0,2,0,6.0,0,0,0,0,0,0,0,0,0,0,0
683,683,0,MG Johnson,4.0,0,28,2,7.0,13,2,1,2,0,20,0,0,0,0,20
684,684,1,JJ Bumrah,3.0,1,7,3,2.33,14,1,0,0,0,30,0,0,3,4,37
685,685,2,SL Malinga,3.5,0,24,1,6.26,11,2,1,0,0,10,0,0,0,0,10
686,686,3,KV Sharma,4.0,0,16,4,4.0,12,1,0,1,0,40,0,0,2,0,42
687,687,4,KH Pandya,3.0,0,25,0,8.33,5,2,1,0,0,0,0,0,0,0,0
688,688,5,HH Pandya,1.0,0,4,0,4.0,3,0,0,0,0,0,0,0,2,0,2
689,689,0,UT Yadav,2.3,0,23,1,9.2,6,4,0,1,0,10,0,0,-1,0,9
690,690,1,PP Chawla,4.0,0,34,2,8.5,9,4,1,1,0,20,0,0,0,0,20
691,691,2,NM Coulter-Nile,3.0,0,15,1,5.0,6,0,0,0,0,10,0,0,1,0,11
692,692,3,SP Narine,4.0,0,21,0,5.25,13,3,0,0,0,0,0,0,1,0,1
693,693,4,AS Rajpoot,1.0,0,14,0,14.0,0,2,0,2,0,0,0,0,-3,0,-3
694,694,0,JD Unadkat,4.0,0,19,2,4.75,11,0,1,0,0,20,0,0,2,0,22
695,695,1,Washington Sundar,4.0,0,13,0,3.25,15,1,0,0,0,0,0,0,3,0,3
696,696,2,SN Thakur,2.0,0,7,0,3.5,6,0,0,1,0,0,0,0,3,0,3
697,697,3,LH Ferguson,2.0,0,21,0,10.5,5,4,0,1,0,0,0,0,-2,0,-2
698,698,4,A Zampa,4.0,0,32,2,8.0,7,1,2,1,0,20,0,0,0,0,20
699,699,5,DT Christian,4.0,0,34,2,8.5,10,2,2,2,0,20,0,0,0,0,20
700,700,0,KH Pandya,4.0,0,31,0,7.75,8,3,1,0,0,0,0,0,0,0,0
701,701,1,MG Johnson,4.0,0,26,3,6.5,10,3,0,0,0,30,0,0,0,0,30
702,702,2,JJ Bumrah,4.0,0,26,2,6.5,8,0,1,0,0,20,0,0,0,0,20
703,703,3,SL Malinga,4.0,0,21,0,5.25,11,2,0,1,0,0,0,0,1,0,1
704,704,4,KV Sharma,4.0,0,18,0,4.5,12,1,0,2,0,0,0,0,2,0,2
