POS,PLAYER,Mat,Inns,Ov,Runs,Wkts,Dots,Avg,Econ,SR,4w,5w
1,Shane  Watson,15,15,54.1,383,17,158,22.52,7.07,19.11,0,0
2,Manpreet  Gony,16,16,60,443,17,154,26.05,7.38,21.17,0,0
3,Glenn  McGrath,14,14,54,357,12,153,29.75,6.61,27,1,0
4,Irfan  Pathan,14,14,53,350,15,150,23.33,6.6,21.2,0,0
5,Munaf  Patel,15,15,55,420,14,141,30,7.63,23.57,0,0
6,Shanthakumaran  Sreesanth,15,15,51.1,442,19,132,23.26,8.63,16.15,0,0
7,Muttiah  Muralitharan,15,15,58,404,11,127,36.72,6.96,31.63,0,0
8,Shaun  Pollock,13,12,43,269,11,123,24.45,6.25,23.45,0,0
9,RP  Singh,14,14,51.2,442,15,122,29.46,8.61,20.53,0,0
10,Sohail  Tanvir,11,11,41.1,266,22,121,12.09,6.46,11.22,1,1
11,Dale  Steyn,10,10,38,252,10,116,25.2,6.63,22.8,0,0
12,Ishant  Sharma,13,13,43.1,331,8,114,41.37,7.66,32.37,0,0
13,Ashok  Dinda,13,12,38,258,8,112,32.25,6.78,28.5,0,0
14,Piyush  Chawla,15,15,46.5,389,17,110,22.88,8.3,16.52,0,0
15,Praveen  Kumar,13,13,44.4,366,11,109,33.27,8.19,24.36,0,0
16,Ashish  Nehra,14,13,40.5,313,11,108,28.45,7.66,22.27,0,0
17,Shane  Warne,15,15,52,404,19,107,21.26,7.76,16.42,0,0
18,Siddharth  Trivedi,15,15,48,399,13,102,30.69,8.31,22.15,0,0
19,Albie  Morkel,13,13,48,399,17,100,23.47,8.31,16.94,1,0
20,Zaheer  Khan,11,11,42,357,13,100,27.46,8.5,19.38,0,0
21,Makhaya  Ntini,9,9,35,242,7,99,34.57,6.91,30,1,0
22,VRV  Singh,13,13,48,420,11,94,38.18,8.75,26.18,0,0
23,Yo  Mahesh,11,11,42.1,370,16,94,23.12,8.77,15.81,1,0
24,Anil  Kumble,10,10,38.2,304,7,85,43.42,7.93,32.85,0,0
25,MF  Maharoof,10,10,36,249,15,84,16.6,6.91,14.4,0,0
26,Pragyan  Ojha,13,12,37,284,11,71,25.81,7.67,20.18,0,0
27,Dhawal  Kulkarni,10,9,26.3,211,10,70,21.1,7.96,15.9,0,0
28,Ajit  Agarkar,9,9,26,207,8,66,25.87,7.96,19.5,0,0
29,Mohammad  Asif,8,8,32,296,8,64,37,9.25,24,0,0
30,Dwayne  Bravo,9,8,25.3,196,11,63,17.81,7.68,13.9,0,0
31,DP  Vijaykumar,9,9,25.2,199,4,63,49.75,7.85,38,0,0
32,Scott  Styris,8,8,27,199,3,61,66.33,7.37,54,0,0
33,Lakshmipathy  Balaji,9,9,33,286,11,60,26,8.66,18,0,1
34,Vinay  Kumar,8,8,23,182,5,59,36.4,7.91,27.6,0,0
35,Yusuf  Pathan,16,13,28.1,230,8,59,28.75,8.16,21.12,0,0
36,Shahid  Afridi,10,10,30,225,9,57,25,7.5,20,0,0
37,SB  Bangar,11,9,25,219,4,55,54.75,8.76,37.5,0,0
38,Jacques  Kallis,11,11,34.2,311,4,55,77.75,9.05,51.5,0,0
39,James  Hopes,11,11,28,276,7,52,39.42,9.85,24,0,0
40,Umar  Gul,6,6,22.3,184,12,51,15.33,8.17,11.25,1,0
41,Dilhara  Fernando,5,5,20,160,10,49,16,8,12,1,0
42,Rajat  Bhatia,9,9,22,183,6,48,30.5,8.31,22,0,0
43,Pradeep  Sangwan,7,7,24,215,5,47,43,8.95,28.8,0,0
44,Sourav  Ganguly,13,7,20,128,6,46,21.33,6.4,20,0,0
45,Brett  Lee,4,4,16,112,4,44,28,7,24,0,0
46,Joginder  Sharma,8,7,24.4,239,8,43,29.87,9.68,18.5,0,0
47,Amit  Mishra,6,6,19.5,138,11,42,12.54,6.95,10.81,0,1
48,Chaminda  Vaas,5,5,17,145,5,41,29,8.52,20.4,0,0
49,Sanath  Jayasuriya,14,8,21,159,4,36,39.75,7.57,31.5,0,0
50,Balachandra  Akhil,7,6,17.2,134,2,34,67,7.73,52,0,0
51,Jacob  Oram,4,4,16,149,3,32,49.66,9.31,32,0,0
52,Murali  Kartik,6,5,14.4,127,3,31,42.33,8.65,29.33,0,0
53,Ramesh  Powar,5,5,12,91,3,30,30.33,7.58,24,0,0
54,P  Amarnath,6,6,22,236,7,29,33.71,10.72,18.85,0,0
55,RR  Raje,6,6,16.2,137,5,28,27.4,8.38,19.6,0,0
56,Gajendra  Singh,4,4,14,141,3,25,47,10.07,28,0,0
57,DNT  Zoysa,3,3,11,99,2,24,49.5,9,33,0,0
58,David  Hussey,13,5,13,130,2,24,65,10,39,0,0
59,Shoaib  Akhtar,3,3,7,54,5,23,10.8,7.71,8.4,1,0
60,Venugopal  Rao,11,7,14,137,2,22,68.5,9.78,42,0,0
61,Dominic  Thornely,6,4,7,40,3,19,13.33,5.71,14,0,0
62,SB  Joshi,4,4,9.1,82,1,18,82,8.94,55,0,0
63,Laxmi  Ratan Shukla,13,9,12,124,6,18,20.66,10.33,12,0,0
64,Pankaj  Singh,5,5,12,129,0,18,-,10.75,-,0,0
65,Virender  Sehwag,14,7,11,133,3,18,44.33,12.09,22,0,0
66,Daniel  Vettori,2,2,8,54,2,16,27,6.75,24,0,0
67,Mohammad  Hafeez,8,2,5,24,1,15,24,4.8,30,0,0
68,Shoaib  Malik,7,5,8.3,85,2,15,42.5,10,25.5,0,0
69,Brett  Geeves,2,2,8,91,1,15,91,11.37,48,0,0
70,Harbhajan  Singh,3,2,8,68,5,14,13.6,8.5,9.6,0,0
71,Dinesh  Salunkhe,6,5,7.5,78,1,13,78,9.95,47,0,0
72,Abhishek  Nayar,14,4,6,54,1,12,54,9,36,0,0
73,Yuvraj  Singh,15,6,9,83,3,12,27.66,9.22,18,0,0
74,PM  Sarvesh Kumar,2,2,5,42,1,11,42,8.4,30,0,0
75,D  Kalyankrishna,3,3,8,87,2,10,43.5,10.87,24,0,0
76,Ajantha  Mendis,1,1,4,24,1,9,24,6,24,0,0
77,Siddharth  Chitnis,3,2,6,60,2,9,30,10,18,0,0
78,Andrew  Symonds,4,3,6.5,101,0,9,-,14.78,-,0,0
79,Dimitri  Mascarenhas,1,1,4,29,2,8,14.5,7.25,12,0,0
80,Virat  Kohli,13,4,7.4,61,2,7,30.5,7.95,23,0,0
81,Andre  Nel,1,1,3,31,1,7,31,10.33,18,0,0
82,Rohit  Sharma,13,1,4,25,1,6,25,6.25,24,0,0
83,Iqbal  Abdulla,1,1,3,22,0,6,-,7.33,-,0,0
84,Ravindra  Jadeja,14,2,2.1,21,0,6,-,9.69,-,0,0
85,Ashley  Noffke,1,1,4,40,1,6,40,10,24,0,0
86,VS  Yeligati,2,1,4,43,0,5,-,10.75,-,0,0
87,S  Vidyut,9,1,2,22,1,5,22,11,12,0,0
88,Abdur  Razzak,1,1,2,29,0,5,-,14.5,-,0,0
89,Suresh  Raina,16,2,3.2,30,1,4,30,9,20,0,0
90,Tillakaratne  Dilshan,7,1,1,3,1,3,3,3,6,0,0
91,Dwaraka  Ravi Teja,7,1,2,19,1,3,19,9.5,12,0,0
92,WA  Mota,4,2,3,36,1,3,36,12,18,0,0
93,MA  Khote,4,1,2,22,0,2,-,11,-,0,0
94,K  Goel,7,1,2,25,0,2,-,12.5,-,0,0
1,RP  Singh,16,16,59.4,417,23,169,18.13,6.98,15.56,1,0
2,Muttiah  Muralitharan,13,13,50,261,14,144,18.64,5.22,21.42,0,0
3,Lasith  Malinga,13,13,49.3,312,18,140,17.33,6.3,16.5,0,0
4,Ashish  Nehra,13,13,51,346,19,139,18.21,6.78,16.1,0,0
5,Anil  Kumble,16,16,59.1,347,21,138,16.52,5.86,16.9,1,1
6,Dirk  Nannes,13,13,49.3,372,15,135,24.8,7.51,19.8,0,0
7,Ishant  Sharma,11,11,43,297,11,130,27,6.9,23.45,0,0
8,Irfan  Pathan,14,14,50.2,390,17,121,22.94,7.74,17.76,0,0
9,Praveen  Kumar,13,13,49.4,394,13,121,30.3,7.93,22.92,0,0
10,Pradeep  Sangwan,13,13,46.4,360,15,112,24,7.71,18.66,0,0
11,Piyush  Chawla,14,14,44.5,308,12,111,25.66,6.86,22.41,0,0
12,Jacques  Kallis,15,14,46,353,6,111,58.83,7.67,46,0,0
13,Shane  Warne,13,13,50,365,14,109,26.07,7.3,21.42,0,0
14,Munaf  Patel,11,11,34.5,241,16,108,15.06,6.91,13.06,0,0
15,Harbhajan  Singh,13,13,44,256,12,103,21.33,5.81,22,1,0
16,Pragyan  Ojha,15,15,53.3,348,18,103,19.33,6.5,17.83,0,0
17,Albie  Morkel,12,12,40,328,13,99,25.23,8.2,18.46,0,0
18,Amit  Mishra,11,11,42.1,294,14,98,21,6.97,18.07,0,0
19,Dwayne  Bravo,11,11,33.1,259,11,89,23.54,7.8,18.09,0,0
20,Ryan  Harris,8,8,31,230,6,84,38.33,7.41,31,0,0
21,Yusuf  Pathan,13,11,35,243,7,83,34.71,6.94,30,0,0
22,Murali  Kartik,10,10,34,201,4,77,50.25,5.91,51,0,0
23,YA  Abdulla,9,9,28,241,14,75,17.21,8.6,12,2,0
24,Lakshmipathy  Balaji,13,13,37.2,316,13,70,24.3,8.46,17.23,1,0
25,Brett  Lee,5,5,20,111,5,69,22.2,5.55,24,0,0
26,Ashok  Dinda,9,8,24,193,4,67,48.25,8.04,36,0,0
27,Andrew  Symonds,8,8,24,160,7,65,22.85,6.66,20.57,0,0
28,Dhawal  Kulkarni,8,8,26,206,5,65,41.2,7.92,31.2,0,0
29,Vinay  Kumar,11,11,32.2,271,9,65,30.11,8.38,21.55,0,0
30,Ajit  Agarkar,11,11,31,284,6,65,47.33,9.16,31,0,0
31,Shanthakumaran  Sreesanth,7,7,23,192,6,62,32,8.34,23,0,0
32,Shadab  Jakati,9,8,29,217,13,61,16.69,7.48,13.38,2,0
33,Sudeep  Tyagi,8,8,19,136,5,59,27.2,7.15,22.8,0,0
34,Dimitri  Mascarenhas,5,5,19.2,132,6,58,22,6.82,19.33,0,0
35,Suresh  Raina,14,10,27.4,164,7,57,23.42,5.92,23.71,0,0
36,Amit  Singh,5,5,17.3,95,9,56,10.55,5.42,11.66,1,0
37,Roelof  van der Merwe,10,10,34,248,9,53,27.55,7.29,22.66,0,0
38,Ramesh  Powar,9,8,21,132,5,49,26.4,6.28,25.2,0,0
39,Zaheer  Khan,6,6,21,142,6,49,23.66,6.76,21,0,0
40,Yuvraj  Singh,14,9,20,142,6,48,23.66,7.1,20,0,0
41,Daniel  Vettori,7,7,23.1,181,7,48,25.85,7.81,19.85,0,0
42,Harmeet  Singh Bansal,7,7,22.5,192,3,46,64,8.4,45.66,0,0
43,JP  Duminy,13,6,17.3,93,4,44,23.25,5.31,26.25,0,0
44,Siddharth  Trivedi,7,7,20,152,6,43,25.33,7.6,20,0,0
45,Ravindra  Jadeja,13,10,23.2,151,6,42,25.16,6.47,23.33,0,0
46,Rajat  Bhatia,8,7,21.4,146,10,42,14.6,6.73,13,1,0
47,Jesse  Ryder,5,5,17,115,3,40,38.33,6.76,34,0,0
48,Aavishkar  Salvi,5,5,17,134,4,40,33.5,7.88,25.5,0,0
49,Kamran  Khan,5,5,17.4,124,6,39,20.66,7.01,17.66,0,0
50,Rohit  Sharma,16,12,23,161,11,38,14.63,7,12.54,1,0
51,Laxmi  Ratan Shukla,9,5,14,100,3,38,33.33,7.14,28,0,0
52,Manpreet  Gony,7,7,17,172,5,36,34.4,10.11,20.4,0,0
53,Brad  Hodge,12,9,20,161,7,34,23,8.05,17.14,0,0
54,Tillakaratne  Dilshan,14,8,16,98,0,33,-,6.12,-,0,0
55,SM  Harwood,3,3,10,73,3,33,24.33,7.3,20,0,0
56,Shoaib  Ahmed,7,7,17,152,5,33,30.4,8.94,20.4,0,0
57,Chris  Gayle,7,7,18.5,144,1,32,144,7.64,113,0,0
58,Tirumalasetti  Suman,12,5,15,108,5,31,21.6,7.2,18,0,0
59,Johan  Botha,3,3,12,74,3,30,24.66,6.16,24,0,0
60,Vikramjeet  Malik,5,5,12,98,2,28,49,8.16,36,0,0
61,Sanath  Jayasuriya,12,9,19,163,7,28,23.28,8.57,16.28,0,0
62,Jacob  Oram,11,7,15.3,133,5,28,26.6,8.58,18.6,0,0
63,MF  Maharoof,3,3,10,65,4,27,16.25,6.5,15,0,0
64,Dale  Steyn,3,3,9,62,2,27,31,6.88,27,0,0
65,Abhishek  Nayar,13,4,12,84,4,27,21,7,18,0,0
66,Venugopal  Rao,16,6,15,122,4,27,30.5,8.13,22.5,0,0
67,Kevin  Pietersen,6,4,13,85,4,26,21.25,6.53,19.5,0,0
68,Ajantha  Mendis,4,4,16,117,3,26,39,7.31,32,0,0
69,Moises  Henriques,4,4,12.1,107,2,24,53.5,8.79,36.5,0,0
70,Chaminda  Vaas,2,2,8,71,4,24,17.75,8.87,12,0,0
71,WA  Mota,8,5,9,61,3,21,20.33,6.77,18,0,0
72,Scott  Styris,2,2,8,64,5,21,12.8,8,9.6,0,0
73,Morne  Morkel,2,2,7,40,0,20,-,5.71,-,0,0
74,Andrew  Flintoff,3,3,11,105,2,20,52.5,9.54,33,0,0
75,Balachandra  Akhil,6,5,11,80,4,19,20,7.27,16.5,0,0
76,T  Thushara,2,2,8,60,3,19,20,7.5,16,0,0
77,KP  Appanna,5,5,12,87,2,18,43.5,7.25,36,0,0
78,D  du Preez,2,2,7,56,4,18,14,8,10.5,0,0
79,Sourav  Ganguly,13,6,12,97,2,17,48.5,8.08,36,0,0
80,Charl  Langeveldt,1,1,4,15,3,16,5,3.75,8,0,0
81,K  Goel,9,4,8,61,0,16,-,7.62,-,0,0
82,VRV  Singh,5,4,9,82,1,16,82,9.11,54,0,0
83,Anureet  Singh,3,2,5,47,2,16,23.5,9.4,15,0,0
84,T  Henderson,2,2,6,40,1,14,40,6.66,36,0,0
85,C  Nanda,3,3,8,57,2,13,28.5,7.12,24,0,0
86,Pankaj  Singh,3,3,7,65,2,12,32.5,9.28,21,0,0
87,Ravichandran  Ashwin,2,1,4,13,2,11,6.5,3.25,12,0,0
88,RR  Raje,4,4,6.5,72,1,11,72,10.53,41,0,0
89,Virat  Kohli,16,3,6,46,0,10,-,7.66,-,0,0
90,Joginder  Sharma,4,4,7,57,2,9,28.5,8.14,21,0,0
91,GR  Napier,1,1,4,27,1,8,27,6.75,24,0,0
92,Jaskaran  Singh,2,1,3,32,0,8,-,10.66,-,0,0
93,David  Hussey,4,3,4,34,0,7,-,8.5,-,0,0
94,Abhimanyu  Mithun,1,1,4,42,0,7,-,10.5,-,0,0
95,Mashrafe  Mortaza,1,1,4,58,0,6,-,14.5,-,0,0
96,RR  Bose,1,1,2,24,0,5,-,12,-,0,0
97,LA  Carseldine,5,1,1,6,1,4,6,6,6,0,0
98,Abhishek  Raut,9,4,4,36,0,4,-,9,-,0,0
99,Sachin  Tendulkar,13,4,6,58,0,4,-,9.66,-,0,0
100,Ravi  Bopara,5,2,1.2,5,0,3,-,3.75,-,0,0
1,Dale  Steyn,15,15,59,406,15,164,27.06,6.88,23.6,0,0
2,Anil  Kumble,16,16,63.2,407,17,151,23.94,6.42,22.35,1,0
3,Pragyan  Ojha,16,16,58.5,429,21,133,20.42,7.29,16.8,0,0
4,Amit  Mishra,14,14,53,363,17,131,21.35,6.84,18.7,0,0
5,Ravichandran  Ashwin,12,12,48,293,13,124,22.53,6.1,22.15,0,0
6,Muttiah  Muralitharan,12,12,48,329,15,121,21.93,6.85,19.2,0,0
7,Jacques  Kallis,16,16,57,476,13,118,36.61,8.35,26.3,0,0
8,Lasith  Malinga,13,13,49,344,15,116,22.93,7.02,19.6,1,0
9,Praveen  Kumar,12,12,45,380,10,109,38,8.44,27,0,0
10,Zaheer  Khan,14,14,48.2,376,15,107,25.06,7.77,19.33,0,0
11,Andrew  Symonds,16,16,53,372,12,106,31,7.01,26.5,0,0
12,Harbhajan  Singh,15,14,53.3,377,17,102,22.17,7.04,18.88,0,0
13,Vinay  Kumar,14,14,46.1,396,16,101,24.75,8.57,17.31,1,0
14,RP  Singh,12,12,42,370,13,98,28.46,8.8,19.38,0,0
15,Irfan  Pathan,14,14,46.2,426,15,98,28.4,9.19,18.53,0,0
16,Albie  Morkel,14,14,47.4,405,11,97,36.81,8.49,26,0,0
17,Doug  Bollinger,8,8,31,207,12,94,17.25,6.67,15.5,1,0
18,Piyush  Chawla,14,14,49,367,12,94,30.58,7.48,24.5,0,0
19,Shane  Warne,14,14,50,381,11,93,34.63,7.62,27.27,1,0
20,Dirk  Nannes,9,9,34.2,224,7,89,32,6.52,29.42,0,0
21,Shadab  Jakati,11,11,38,291,13,82,22.38,7.65,17.53,0,0
22,Ryan  Harris,8,8,30.4,233,14,81,16.64,7.59,13.14,0,0
23,Murali  Kartik,10,10,39,253,9,77,28.11,6.48,26,0,0
24,Shane  Bond,8,8,31,224,9,75,24.88,7.22,20.66,0,0
25,Pradeep  Sangwan,8,8,31,258,9,70,28.66,8.32,20.66,0,0
26,Shaun  Tait,8,8,31.1,264,10,70,26.4,8.47,18.7,0,0
27,Siddharth  Trivedi,11,10,35.3,260,11,69,23.63,7.32,19.36,0,0
28,Ryan  McLaren,10,10,34,270,4,69,67.5,7.94,51,0,0
29,Ashok  Dinda,7,7,23.1,152,9,64,16.88,6.56,15.44,0,0
30,Chaminda  Vaas,6,6,22,139,9,63,15.44,6.31,14.66,0,0
31,Ramesh  Powar,7,7,23,160,3,62,53.33,6.95,46,0,0
32,Shane  Watson,6,6,22,184,6,61,30.66,8.36,22,0,0
33,Yusuf  Pathan,14,11,34,246,5,60,49.2,7.23,40.8,0,0
34,Harmeet  Singh Bansal,8,8,24,174,8,59,21.75,7.25,18,0,0
35,Kieron  Pollard,14,12,37,274,15,58,18.26,7.4,14.8,0,0
36,Angelo  Mathews,14,12,37.3,314,8,58,39.25,8.37,28.12,1,0
37,Umesh  Yadav,7,7,24,184,6,55,30.66,7.66,24,0,0
38,MF  Maharoof,7,7,24,206,8,54,25.75,8.58,18,0,0
39,Ishant  Sharma,7,7,25,236,7,54,33.71,9.44,21.42,0,0
40,Shalabh  Srivastava,8,8,27,255,6,54,42.5,9.44,27,0,0
41,Dilhara  Fernando,5,5,19,138,7,50,19.71,7.26,16.28,0,0
42,Lakshmipathy  Balaji,7,7,23.2,207,7,50,29.57,8.87,20,0,0
43,Dwayne  Bravo,10,10,26.1,228,4,48,57,8.71,39.25,0,0
44,Yuvraj  Singh,14,10,23,152,5,45,30.4,6.6,27.6,0,0
45,Juan  Theron,7,7,24,187,6,44,31.16,7.79,24,0,0
46,Shanthakumaran  Sreesanth,6,6,19,191,3,44,63.66,10.05,38,0,0
47,Suresh  Raina,16,12,23.5,178,6,40,29.66,7.46,23.83,0,0
48,Rahul  Sharma,6,6,20.4,167,5,40,33.4,8.08,24.8,0,0
49,Ajit  Agarkar,7,7,22,203,4,40,50.75,9.22,33,0,0
50,T  Thushara,4,4,14.3,101,5,38,20.2,6.96,17.4,0,0
51,Ashish  Nehra,4,4,14,96,6,37,16,6.85,14,0,0
52,Sarabjit  Ladda,5,5,15,143,4,34,35.75,9.53,22.5,0,0
53,Sudeep  Tyagi,6,6,15.5,159,1,34,159,10.04,95,0,0
54,Rohit  Sharma,16,9,19,153,2,32,76.5,8.05,57,0,0
55,Munaf  Patel,4,4,13,118,3,31,39.33,9.07,26,0,0
56,Jaskaran  Singh,6,6,14,139,6,31,23.16,9.92,14,0,0
57,Sumit  Narwal,5,5,15.4,185,5,31,37,11.8,18.8,0,0
58,Chris  Gayle,9,6,16,152,4,29,38,9.5,24,0,0
59,Charl  Langeveldt,3,3,11,88,5,26,17.6,8,13.2,0,0
60,Paul  Collingwood,8,6,14.5,101,5,24,20.2,6.8,17.8,0,0
61,Mitchell  Marsh,3,3,10,88,2,24,44,8.8,30,0,0
62,Ali  Murtaza,3,3,12,91,3,23,30.33,7.58,24,0,0
63,Rajat  Bhatia,5,5,16,132,3,23,44,8.25,32,0,0
64,Daniel  Vettori,3,3,11.4,97,2,21,48.5,8.31,35,0,0
65,Ravi  Bopara,10,5,13,127,5,21,25.4,9.76,15.6,0,0
66,Andrew  McDonald,4,4,14,138,5,21,27.6,9.85,16.8,0,0
67,Pankaj  Singh,2,2,8,81,2,21,40.5,10.12,24,0,0
68,Jaydev  Unadkat,3,3,10.2,85,4,20,21.25,8.22,15.5,0,0
69,Kemar  Roach,2,2,8,80,0,20,-,10,-,0,0
70,Aditya  Dole,3,3,11,112,5,20,22.4,10.18,13.2,0,0
71,Brett  Lee,4,4,14.3,149,0,20,-,10.27,-,0,0
72,Sanath  Jayasuriya,4,4,9,68,2,19,34,7.55,27,0,0
73,Laxmi  Ratan Shukla,4,4,12,106,3,19,35.33,8.83,24,0,0
74,Virender  Sehwag,14,3,5.4,23,3,18,7.66,4.05,11.33,0,0
75,Iqbal  Abdulla,3,3,8.3,61,1,18,61,7.17,51,0,0
76,Kevin  Pietersen,7,6,10,77,3,18,25.66,7.7,20,0,0
77,Tillakaratne  Dilshan,6,4,8.1,70,3,18,23.33,8.57,16.33,0,0
78,Kamran  Khan,3,3,6,53,3,18,17.66,8.83,12,0,0
79,Manpreet  Gony,3,3,8,92,1,17,92,11.5,48,0,0
80,Dimitri  Mascarenhas,2,2,8,65,4,16,16.25,8.12,12,0,0
81,Vikramjeet  Malik,3,3,7.1,62,1,16,62,8.65,43,0,0
82,KP  Appanna,2,2,7,51,1,15,51,7.28,42,0,0
83,JM  Kemp,5,5,7.2,54,3,15,18,7.36,14.66,0,0
84,Adam  Voges,9,7,9,76,0,15,-,8.44,-,0,0
85,Morne  Morkel,2,2,7,66,0,15,-,9.42,-,0,0
86,Nayan  Doshi,1,1,4,17,1,14,17,4.25,24,0,0
87,Bipul  Sharma,5,4,10,94,3,14,31.33,9.4,20,0,0
88,Rajagopal  Sathish,12,4,8,81,2,14,40.5,10.12,24,0,0
89,Joginder  Sharma,3,3,8,89,2,14,44.5,11.12,24,0,0
90,JP  Duminy,7,2,5.3,37,1,13,37,6.72,33,0,0
91,David  Hussey,6,5,10,80,0,13,-,8,-,0,0
92,YA  Abdulla,2,2,6.5,66,1,13,66,9.65,41,0,0
93,Ajantha  Mendis,2,2,8,66,2,12,33,8.25,24,0,0
94,Abhishek  Jhunjhunwala,13,5,6.1,69,0,12,-,11.18,-,0,0
95,Moises  Henriques,1,1,4,35,1,10,35,8.75,24,0,0
96,Dhawal  Kulkarni,1,1,4,40,1,10,40,10,24,0,0
97,Roelof  van der Merwe,1,1,4,27,2,8,13.5,6.75,12,0,0
98,Brad  Hodge,4,4,5,41,2,8,20.5,8.2,15,0,0
99,Amit  Uniyal,2,2,6,66,2,8,33,11,18,0,0
100,Love  Ablish,2,2,4,36,3,7,12,9,8,0,0
1,Lasith  Malinga,16,16,63,375,28,183,13.39,5.95,13.5,0,1
2,Ravichandran  Ashwin,16,16,63,388,20,157,19.4,6.15,18.9,0,0
3,Munaf  Patel,15,15,54.2,358,22,145,16.27,6.58,14.81,0,1
4,Zaheer  Khan,15,15,59,455,14,141,32.5,7.71,25.28,0,0
5,Praveen  Kumar,13,13,46,345,10,137,34.5,7.5,27.6,0,0
6,RP  Singh,14,14,50,345,13,135,26.53,6.9,23.07,1,0
7,Dale  Steyn,12,12,45.3,299,14,134,21.35,6.57,19.5,0,0
8,Iqbal  Abdulla,15,15,50,305,16,131,19.06,6.1,18.75,0,0
9,Amit  Mishra,14,14,53.2,358,19,130,18.84,6.71,16.84,1,0
10,Rahul  Sharma,14,14,50,273,16,128,17.06,5.46,18.75,0,0
11,Harbhajan  Singh,15,15,53,370,14,127,26.42,6.98,22.71,0,1
12,Irfan  Pathan,14,13,45.5,344,11,124,31.27,7.5,25,0,0
13,Ishant  Sharma,12,12,44,314,11,121,28.54,7.13,24,0,1
14,Daniel  Vettori,13,13,51.4,311,12,119,25.91,6.01,25.83,0,0
15,Shane  Warne,13,12,47,297,13,117,22.84,6.31,21.69,0,0
16,Morne  Morkel,11,11,43,325,13,115,25,7.55,19.84,0,0
17,Sreenath  Arvind,13,13,46,368,21,115,17.52,8,13.14,1,0
18,Doug  Bollinger,13,13,47,329,17,114,19.35,7,16.58,0,0
19,Ryan  Harris,13,13,47,382,16,111,23.87,8.12,17.62,0,0
20,Dan  Christian,14,14,45.4,350,11,109,31.81,7.66,24.9,0,0
21,Brett  Lee,12,12,45.2,338,5,108,67.6,7.45,54.4,0,0
22,Vinay  Kumar,13,13,44.4,335,12,103,27.91,7.5,22.33,0,0
23,Albie  Morkel,15,14,45,382,15,102,25.46,8.48,18,0,0
24,Alfonso  Thomas,11,11,38.3,297,11,96,27,7.71,21,0,0
25,Shanthakumaran  Sreesanth,9,9,31.5,206,7,94,29.42,6.47,27.28,0,0
26,Yusuf  Pathan,15,14,39,238,13,93,18.3,6.1,18,0,0
27,Piyush  Chawla,12,12,41.2,336,16,93,21,8.12,15.5,1,0
28,Ravindra  Jadeja,14,14,42,305,8,90,38.12,7.26,31.5,0,0
29,Lakshmipathy  Balaji,14,14,44.2,371,10,89,37.1,8.36,26.6,0,0
30,Pragyan  Ojha,10,10,36.5,267,10,86,26.7,7.24,22.1,0,0
31,Johan  Botha,10,10,36,239,7,81,34.14,6.63,30.85,0,0
32,Chris  Gayle,12,12,36,244,8,80,30.5,6.77,27,0,0
33,Shadab  Jakati,15,14,44.1,336,10,80,33.6,7.6,26.5,0,0
34,Shane  Watson,11,10,36,241,6,78,40.16,6.69,36,0,0
35,Wayne  Parnell,8,8,29.2,213,9,75,23.66,7.26,19.55,0,0
36,Amit  Singh,9,9,28.3,215,9,75,23.88,7.54,19,0,0
37,Kieron  Pollard,16,16,42.3,361,10,73,36.1,8.49,25.5,0,0
38,Abhimanyu  Mithun,12,12,34,321,5,67,64.2,9.44,40.8,0,0
39,Siddharth  Trivedi,12,12,35.4,303,10,66,30.3,8.49,21.4,0,0
40,Suresh  Raina,16,12,27.3,201,4,62,50.25,7.3,41.25,0,0
41,Yuvraj  Singh,14,13,29,192,9,61,21.33,6.62,19.33,1,0
42,Suraj  Randiv,8,8,29,223,6,60,37.16,7.68,29,0,0
43,Shakib  Al Hasan,7,7,25.3,175,11,59,15.9,6.86,13.9,0,0
44,Ali  Murtaza,5,5,20,117,3,56,39,5.85,40,0,0
45,Rajat  Bhatia,14,12,32,210,8,56,26.25,6.56,24,0,0
46,Bhargav  Bhatt,10,8,27.5,229,9,55,25.44,8.22,18.55,1,0
47,Jacques  Kallis,15,9,24,170,7,54,24.28,7.08,20.57,0,0
48,James  Hopes,10,9,32,272,7,53,38.85,8.5,27.42,0,0
49,Shalabh  Srivastava,6,6,20,186,8,49,23.25,9.3,15,0,0
50,Muttiah  Muralitharan,5,5,19,141,2,46,70.5,7.42,57,0,0
51,Ajit  Agarkar,7,7,27,231,8,46,28.87,8.55,20.25,0,0
52,JP  Duminy,10,8,18,143,4,44,35.75,7.94,27,0,0
53,Shrikant  Wagh,7,7,16,121,4,43,30.25,7.56,24,0,0
54,Paul  Valthaty,14,9,24.1,189,7,43,27,7.82,20.71,1,0
55,Tim  Southee,5,5,19,166,4,43,41.5,8.73,28.5,0,0
56,Dhawal  Kulkarni,6,6,20,149,5,42,29.8,7.45,24,0,0
57,Shaun  Tait,4,4,14.5,127,6,42,21.16,8.56,14.83,0,0
58,P  Parameswaran,5,5,15.4,137,4,41,34.25,8.74,23.5,0,0
59,Ashok  Dinda,6,5,17,152,5,41,30.4,8.94,20.4,0,0
60,Dwayne  Bravo,6,6,20,157,6,40,26.16,7.85,20,0,0
61,Murali  Kartik,6,6,20.5,166,1,40,166,7.96,125,0,0
62,Jaydev  Unadkat,7,6,18,150,6,40,25,8.33,18,0,0
63,Shahbaz  Nadeem,5,5,19,142,4,37,35.5,7.47,28.5,0,0
64,Roelof  van der Merwe,4,4,14.5,92,5,36,18.4,6.2,17.8,0,0
65,Umesh  Yadav,7,6,18,169,2,36,84.5,9.38,54,0,0
66,Raiphi  Gomez,11,8,15,124,5,33,24.8,8.26,18,0,0
67,Varun  Aaron,4,3,12,82,2,31,41,6.83,36,0,0
68,Ashok  Menaria,13,9,15,121,2,30,60.5,8.06,45,0,0
69,Ryan  McLaren,6,6,18,178,5,30,35.6,9.88,21.6,0,0
70,Jesse  Ryder,13,7,15.2,118,4,29,29.5,7.69,23,0,0
71,Syed  Mohammad,5,5,15,127,5,29,25.4,8.46,18,0,0
72,JJ  van der Wath,3,3,12,129,3,29,43,10.75,24,0,0
73,Bhuvneshwar  Kumar,4,4,11,67,3,28,22.33,6.09,22,0,0
74,Brad  Hodge,14,4,11,77,7,28,11,7,9.42,1,0
75,Bipul  Sharma,4,4,12,78,4,27,19.5,6.5,18,0,0
76,Charl  Langeveldt,3,3,11,84,5,27,16.8,7.63,13.2,0,0
77,Mitchell  Marsh,5,5,14.1,99,7,25,14.14,6.98,12.14,1,0
78,Thisara  Perera,4,4,14,111,2,24,55.5,7.92,42,0,0
79,Virat  Kohli,16,10,17,139,2,23,69.5,8.17,51,0,0
80,Ramesh  Powar,5,5,12,112,2,22,56,9.33,36,0,0
81,Ankeet  Chavan,2,2,5,27,0,17,-,5.4,-,0,0
82,Harmeet  Singh Bansal,2,2,7,53,3,17,17.66,7.57,14,0,0
83,Aavishkar  Salvi,2,2,8,66,3,17,22,8.25,16,0,0
84,Manpreet  Gony,3,3,9,85,4,17,21.25,9.44,13.5,0,0
85,Tillakaratne  Dilshan,10,6,12,108,1,16,108,9,72,0,0
86,Mithun  Manhas,10,3,7,42,0,15,-,6,-,0,0
87,Abhishek  Nayar,10,6,10.1,95,2,15,47.5,9.34,30.5,0,0
88,Anand  Rajan,2,2,5,50,3,15,16.66,10,10,0,0
89,James  Franklin,8,6,10.1,99,3,14,33,9.73,20.33,0,0
90,Dirk  Nannes,2,2,4,31,2,11,15.5,7.75,12,0,0
91,Nathan  McCullum,2,2,5,34,0,10,-,6.8,-,0,0
92,Andrew  Symonds,11,3,4,41,1,10,41,10.25,24,0,0
93,Nayan  Doshi,3,3,5.2,62,1,10,62,11.62,32,0,0
94,Nathan  Rimmington,1,1,3,19,0,9,-,6.33,-,0,0
95,Abhishek  Raut,7,2,3,21,0,8,-,7,-,0,0
96,Sarabjit  Ladda,2,2,4,42,0,8,-,10.5,-,0,0
97,Ryan  Ninan,2,2,6,65,3,8,21.66,10.83,12,0,0
98,James  Faulkner,1,1,2,9,1,7,9,4.5,12,0,0
99,Rajagopal  Sathish,9,4,5.1,41,0,7,-,7.93,-,0,0
100,Tirumalasetti  Suman,8,3,6,50,0,7,-,8.33,-,0,0
1,Praveen  Kumar,16,16,63,434,9,168,48.22,6.88,42,0,0
2,Sunil  Narine,15,15,59.1,324,24,164,13.5,5.47,14.79,1,1
3,Morne  Morkel,16,16,63,453,25,154,18.12,7.19,15.12,1,0
4,Zaheer  Khan,16,15,60,453,17,146,26.64,7.55,21.17,0,0
5,Lasith  Malinga,14,14,55.3,350,22,145,15.9,6.3,15.13,1,0
6,Umesh  Yadav,17,17,61,453,19,145,23.84,7.42,19.26,0,0
7,Irfan  Pathan,17,17,60,465,8,145,58.12,7.75,45,0,0
8,Ravichandran  Ashwin,19,18,65.5,432,14,141,30.85,6.56,28.21,0,0
9,Dale  Steyn,12,12,46.4,285,18,138,15.83,6.1,15.55,0,0
10,Piyush  Chawla,16,16,57,419,16,124,26.18,7.35,21.37,0,0
11,Munaf  Patel,12,12,46.4,367,15,123,24.46,7.86,18.66,2,0
12,Vinay  Kumar,15,14,55.5,480,19,123,25.26,8.59,17.63,0,0
13,Albie  Morkel,16,15,49.3,385,13,118,29.61,7.77,22.84,0,0
14,Harbhajan  Singh,17,16,54,384,6,117,64,7.11,54,0,0
15,Jacques  Kallis,17,16,54,403,15,112,26.86,7.46,21.6,0,0
16,Parvinder  Awana,12,12,47,372,17,112,21.88,7.91,16.58,1,0
17,Dwayne  Bravo,19,18,57.4,461,15,110,30.73,7.99,23.06,0,0
18,Ben  Hilfenhaus,9,9,34,233,14,103,16.64,6.85,14.57,0,0
19,RP  Singh,11,11,41,318,10,103,31.8,7.75,24.6,0,0
20,Brett  Lee,10,10,38,299,7,99,42.71,7.86,32.57,0,0
21,Ashish  Nehra,13,13,48,402,11,99,36.54,8.37,26.18,0,0
22,Azhar  Mahmood,11,11,42.4,329,14,95,23.5,7.71,18.28,0,0
23,Siddharth  Trivedi,14,14,52,380,13,90,29.23,7.3,24,1,0
24,Amit  Mishra,14,14,47,377,13,89,29,8.02,21.69,0,0
25,Shahbaz  Nadeem,12,12,45,318,8,88,39.75,7.06,33.75,0,0
26,Johan  Botha,11,11,41,297,9,87,33,7.24,27.33,0,0
27,Bhuvneshwar  Kumar,11,11,39,281,8,86,35.12,7.2,29.25,0,0
28,Kieron  Pollard,14,14,43.5,350,16,85,21.87,7.98,16.43,1,0
29,Lakshmipathy  Balaji,8,8,29.5,163,11,82,14.81,5.46,16.27,1,0
30,Muttiah  Muralitharan,10,10,40,260,15,82,17.33,6.5,16,0,0
31,Rajat  Bhatia,17,16,53.1,389,13,82,29.92,7.31,24.53,0,0
32,Harshal  Patel,12,11,41,340,9,78,37.77,8.29,27.33,0,0
33,Murali  Kartik,11,11,36,266,4,76,66.5,7.38,54,0,0
34,Shadab  Jakati,15,15,41,335,9,76,37.22,8.17,27.33,0,0
35,Brad  Hogg,9,9,36,253,10,73,25.3,7.02,21.6,0,0
36,Varun  Aaron,8,8,31,271,8,73,33.87,8.74,23.25,0,0
37,Rahul  Sharma,11,11,37,300,9,72,33.33,8.1,24.66,0,0
38,Veer  Pratap Singh,9,9,34,296,10,71,29.6,8.7,20.4,0,0
39,Shakib  Al Hasan,8,8,30,195,12,68,16.25,6.5,15,0,0
40,Daniel  Vettori,9,9,35,236,5,66,47.2,6.74,42,0,0
41,Pragyan  Ojha,9,9,30,220,9,66,24.44,7.33,20,0,0
42,Marlon  Samuels,8,8,28.4,216,8,66,27,7.53,21.5,0,0
43,Shaun  Tait,6,6,22.5,151,6,65,25.16,6.61,22.83,0,0
44,Ravindra  Jadeja,19,14,35,273,12,65,22.75,7.8,17.5,0,1
45,Ankit  Sharma,9,9,24.1,165,4,62,41.25,6.82,36.25,0,0
46,Shane  Watson,7,7,23,161,6,62,26.83,7,23,0,0
47,Ashok  Dinda,7,7,24,169,9,61,18.77,7.04,16,1,0
48,Manpreet  Gony,6,6,24,207,3,58,69,8.62,48,0,0
49,Amit  Singh,9,9,32.5,310,10,58,31,9.44,19.7,0,0
50,Pankaj  Singh,6,6,21,170,7,57,24.28,8.09,18,0,0
51,Ankeet  Chavan,8,8,27.2,236,7,55,33.71,8.63,23.42,0,0
52,Kevon  Cooper,6,6,24,174,10,52,17.4,7.25,14.4,1,0
53,Ashish  Reddy,9,8,24.1,205,10,52,20.5,8.48,14.5,0,0
54,Wayne  Parnell,6,6,21,128,5,51,25.6,6.09,25.2,0,0
55,Dan  Christian,7,7,27,233,8,51,29.12,8.62,20.25,0,0
56,Angelo  Mathews,9,9,26,192,7,50,27.42,7.38,22.28,0,0
57,Pawan  Negi,8,6,22,152,7,49,21.71,6.9,18.85,1,0
58,Ryan  Harris,5,5,18,130,8,48,16.25,7.22,13.5,1,0
59,Yusuf  Pathan,17,12,22.1,181,4,47,45.25,8.16,33.25,0,0
60,Iqbal  Abdulla,9,8,22,144,4,46,36,6.54,33,0,0
61,Doug  Bollinger,6,6,18,157,8,46,19.62,8.72,13.5,0,0
62,Ajit  Chandila,4,4,14,86,5,39,17.2,6.14,16.8,1,0
63,Nuwan  Kulasekara,5,4,14,94,4,38,23.5,6.71,21,0,0
64,Dimitri  Mascarenhas,4,4,16,105,7,35,15,6.56,13.71,0,1
65,KP  Appanna,7,6,17,148,6,35,24.66,8.7,17,1,0
66,Harmeet  Singh Bansal,7,6,19.2,168,6,33,28,8.68,19.33,0,0
67,Alfonso  Thomas,4,4,14,109,3,30,36.33,7.78,28,0,0
68,Dwayne  Smith,7,6,13,95,2,28,47.5,7.3,39,0,0
69,Andre  Russell,4,4,16,161,1,28,161,10.06,96,0,0
70,Roelof  van der Merwe,3,3,10,60,2,26,30,6,30,0,0
71,Bhargav  Bhatt,5,5,16.3,136,2,26,68,8.24,49.5,0,0
72,James  Franklin,12,9,15,121,6,25,20.16,8.06,15,0,0
73,Dhawal  Kulkarni,2,2,8,64,6,23,10.66,8,8,0,0
74,Michael  Clarke,6,5,11,67,2,22,33.5,6.09,33,0,0
75,JP  Duminy,9,6,12,104,1,22,104,8.66,72,0,0
76,Suresh  Raina,19,7,14,105,2,21,52.5,7.5,42,0,0
77,Robin  Peterson,5,4,8,70,3,21,23.33,8.75,16,0,0
78,Ajit  Agarkar,4,4,14.2,134,3,20,44.66,9.34,28.66,0,0
79,Andrew  McDonald,4,3,10,61,5,18,12.2,6.1,12,0,0
80,Juan  Theron,2,2,8,66,2,18,33,8.25,24,0,0
81,Yo  Mahesh,5,4,9.2,81,3,18,27,8.67,18.66,0,0
82,Anand  Rajan,4,4,11.5,109,3,18,36.33,9.21,23.66,0,0
83,TP  Sudhindra,3,3,11.4,136,1,18,136,11.65,70,0,0
84,Marchant  de Lange,3,3,10,107,3,17,35.66,10.7,20,0,0
85,Stuart  Binny,8,6,10,78,3,15,26,7.8,20,0,0
86,Abhishek  Jhunjhunwala,5,3,6,38,1,14,38,6.33,36,0,0
87,David  Hussey,16,6,9,63,3,14,21,7,18,0,0
88,Clint  McKay,2,2,7,60,1,14,60,8.57,42,0,0
89,James  Faulkner,2,2,8,72,3,14,24,9,16,0,0
90,Bipul  Sharma,5,3,7.4,79,0,13,-,10.3,-,0,0
91,Shikhar  Dhawan,15,4,6,55,3,12,18.33,9.16,12,0,0
92,Ashok  Menaria,15,3,3.2,23,1,10,23,6.9,20,0,0
93,Doug  Bracewell,1,1,4,32,3,10,10.66,8,8,0,0
94,Krishnakant  Upadhyay,1,1,4,33,0,10,-,8.25,-,0,0
95,Kevin  Pietersen,8,3,6,53,0,10,-,8.83,-,0,0
96,Sourav  Ganguly,15,4,10,95,2,10,47.5,9.5,30,0,0
97,Jesse  Ryder,11,4,7,70,1,10,70,10,42,0,0
98,Tillakaratne  Dilshan,10,5,7,77,0,9,-,11,-,0,0
99,Syed  Mohammad,2,2,7,65,0,8,-,9.28,-,0,0
100,Mandeep  Singh,16,1,3,23,1,7,23,7.66,18,0,0
1,Dale  Steyn,17,17,67.5,384,19,211,20.21,5.66,21.42,0,0
2,Mitchell  Johnson,17,17,64,459,24,188,19.12,7.17,16,0,0
3,Sunil  Narine,16,16,64,350,22,180,15.9,5.46,17.45,2,0
4,Bhuvneshwar  Kumar,16,16,57,371,13,167,28.53,6.5,26.3,0,0
5,Harbhajan  Singh,19,19,70,456,24,163,19,6.51,17.5,0,0
6,Mohit  Sharma,15,15,50.4,326,20,161,16.3,6.43,15.2,0,0
7,James  Faulkner,16,16,63.1,427,28,161,15.25,6.75,13.53,0,2
8,Ishant  Sharma,16,16,59.4,466,15,160,31.06,7.81,23.86,0,0
9,Praveen  Kumar,15,15,56.2,373,12,155,31.08,6.62,28.16,0,0
10,Amit  Mishra,17,17,62,394,21,151,18.76,6.35,17.71,1,0
11,Lasith  Malinga,17,17,65.2,468,20,147,23.4,7.16,19.6,0,0
12,Thisara  Perera,16,16,59.4,478,19,136,25.15,8.01,18.84,0,0
13,Dwayne  Bravo,18,18,62.3,497,32,135,15.53,7.95,11.71,1,0
14,Irfan  Pathan,15,15,51.2,382,10,134,38.2,7.44,30.8,0,0
15,Parvinder  Awana,14,14,54,412,15,133,27.46,7.62,21.6,0,0
16,Umesh  Yadav,16,16,57.5,508,16,126,31.75,8.78,21.68,1,0
17,Vinay  Kumar,16,16,60.1,493,23,124,21.43,8.19,15.69,0,0
18,Siddharth  Trivedi,17,17,59.5,410,12,122,34.16,6.85,29.91,0,0
19,Ravichandran  Ashwin,18,18,58,390,15,121,26,6.72,23.2,0,0
20,Piyush  Chawla,16,16,58.2,418,11,117,38,7.16,31.81,0,0
21,Lakshmipathy  Balaji,13,13,50,387,12,113,32.25,7.74,25,0,0
22,Chris  Morris,16,16,50,401,15,113,26.73,8.02,20,0,0
23,Jacques  Kallis,16,15,53,394,16,112,24.62,7.43,19.87,0,0
24,Ravi  Rampaul,10,10,37.4,261,13,109,20.07,6.92,17.38,0,0
25,Pragyan  Ojha,16,15,52.2,381,16,108,23.81,7.28,19.62,0,0
26,Ashok  Dinda,13,13,49,465,16,105,29.06,9.48,18.37,0,0
27,Jaydev  Unadkat,13,13,49,370,13,102,28.46,7.55,22.61,0,1
28,Shane  Watson,16,13,41.4,298,13,101,22.92,7.15,19.23,0,0
29,Azhar  Mahmood,11,11,43.5,330,15,99,22,7.52,17.53,0,0
30,Kevon  Cooper,14,14,54,449,19,98,23.63,8.31,17.05,0,0
31,Shahbaz  Nadeem,12,12,44,259,9,95,28.77,5.88,29.33,0,0
32,Ravindra  Jadeja,18,15,43.1,323,13,95,24.84,7.48,19.92,0,0
33,Morne  Morkel,10,10,40,335,7,91,47.85,8.37,34.28,0,0
34,Karn  Sharma,13,13,34.5,230,11,88,20.9,6.6,19,0,0
35,RP  Singh,11,11,39.5,335,13,88,25.76,8.41,18.38,0,0
36,Rahul  Sharma,11,11,41,281,9,85,31.22,6.85,27.33,0,0
37,Ashish  Nehra,10,10,36,316,11,84,28.72,8.77,19.63,0,0
38,Sachithra  Senanayake,8,8,32,209,9,73,23.22,6.53,21.33,0,0
39,Murali  Kartik,11,11,39,284,9,71,31.55,7.28,26,0,0
40,Shanthakumaran  Sreesanth,7,7,21.4,163,5,67,32.6,7.52,26,0,0
41,Ajit  Chandila,8,8,25,156,6,64,26,6.24,25,0,0
42,Manpreet  Gony,8,8,28,256,7,62,36.57,9.14,24,0,0
43,Kieron  Pollard,18,14,31,292,10,60,29.2,9.41,18.6,0,0
44,Albie  Morkel,8,7,24,159,7,59,22.71,6.62,20.57,0,0
45,Rajat  Bhatia,15,15,43.5,332,11,59,30.18,7.57,23.9,0,0
46,Stuart  Binny,17,14,24,162,6,57,27,6.75,24,0,0
47,Dhawal  Kulkarni,6,6,18.4,151,8,53,18.87,8.08,14,0,0
48,Darren  Sammy,10,9,22.2,168,8,50,21,7.52,16.75,1,0
49,Angelo  Mathews,11,10,31,240,5,50,48,7.74,37.2,0,0
50,Dirk  Nannes,5,5,19.5,158,4,50,39.5,7.96,29.75,0,0
51,Moises  Henriques,10,8,21.1,185,7,50,26.42,8.74,18.14,0,0
52,Jason  Holder,6,6,20,168,2,47,84,8.4,60,0,0
53,Siddarth  Kaul,6,6,21.5,170,4,44,42.5,7.78,32.75,0,0
54,Muttiah  Muralitharan,6,6,23,177,3,42,59,7.69,46,0,0
55,Sandeep  Sharma,4,4,16,119,8,41,14.87,7.43,12,0,0
56,Iqbal  Abdulla,5,5,18.5,142,7,41,20.28,7.53,16.14,0,0
57,Ryan  Harris,3,3,12,72,1,40,72,6,72,0,0
58,Yuvraj  Singh,13,10,22,152,6,39,25.33,6.9,22,0,0
59,Johan  Botha,6,6,16.4,109,5,37,21.8,6.54,20,0,0
60,Mitchell  Marsh,9,7,19.2,182,7,35,26,9.41,16.57,0,0
61,Brett  Lee,3,3,12,86,4,34,21.5,7.16,18,0,0
62,Rishi  Dhawan,6,5,15,109,2,34,54.5,7.26,45,0,0
63,Wayne  Parnell,4,4,14.5,137,6,33,22.83,9.23,14.83,0,0
64,Munaf  Patel,4,4,15,137,3,32,45.66,9.13,30,0,0
65,Vikramjeet  Malik,3,3,10,59,2,30,29.5,5.9,30,0,0
66,Ajantha  Mendis,3,3,12,78,2,29,39,6.5,36,0,0
67,Ankeet  Chavan,3,3,9,63,1,28,63,7,54,0,0
68,Kane  Richardson,3,3,11.5,101,2,28,50.5,8.53,35.5,0,0
69,Harmeet  Singh Bansal,3,3,11.2,87,5,27,17.4,7.67,13.6,0,0
70,Roelof  van der Merwe,3,3,11,71,3,25,23.66,6.45,22,0,0
71,Anand  Rajan,2,2,8,42,2,24,21,5.25,24,0,0
72,Shaun  Tait,3,3,10,98,1,23,98,9.8,60,0,0
73,Abu  Nechim,2,2,7,45,3,21,15,6.42,14,0,0
74,Mohammed  Shami,3,3,9,78,1,21,78,8.66,54,0,0
75,Pravin  Tambe,3,3,11,88,1,20,88,8,66,0,0
76,David  Hussey,12,4,11,91,0,19,-,8.27,-,0,0
77,Zaheer  Khan,2,2,6,47,5,18,9.4,7.83,7.2,1,0
78,Hanuma  Vihari,17,5,6,38,1,17,38,6.33,36,0,0
79,Ajit  Agarkar,4,4,10,92,0,17,-,9.2,-,0,0
80,Ali  Murtaza,3,3,10,94,3,17,31.33,9.4,20,0,0
81,Ryan  McLaren,2,2,7,94,3,17,31.33,13.42,14,0,0
82,Jasprit  Bumrah,2,2,7,70,3,16,23.33,10,14,0,0
83,Rahul  Shukla,3,3,8,79,3,15,26.33,9.87,16,0,0
84,Yusuf  Pathan,16,5,9,73,1,14,73,8.11,54,0,0
85,Dan  Christian,2,2,6,55,0,14,-,9.16,-,0,0
86,Abhishek  Nayar,11,3,8,59,2,13,29.5,7.37,24,0,0
87,Parveez  Rasool,2,2,5,28,1,12,28,5.6,30,0,0
88,Bhargav  Bhatt,2,2,5,32,1,12,32,6.4,30,0,0
89,Harmeet  Singh,1,1,4,34,1,12,34,8.5,24,0,0
90,Luke  Wright,6,5,9.5,100,2,12,50,10.16,29.5,0,0
91,Bipul  Sharma,1,1,4,21,1,11,21,5.25,24,0,0
92,Jacob  Oram,1,1,4,22,0,11,-,5.5,-,0,0
93,Jeevan  Mendis,3,2,5,36,1,11,36,7.2,30,0,0
94,Nathan  Coulter-Nile,1,1,4,29,1,11,29,7.25,24,0,0
95,Syed  Mohammad,4,4,10,91,3,10,30.33,9.1,20,0,0
96,Krishnakant  Upadhyay,2,2,5,48,0,10,-,9.6,-,0,0
97,Andre  Russell,3,3,7,68,0,10,-,9.71,-,0,0
98,Chris  Gayle,16,4,4,40,3,10,13.33,10,8,0,0
99,Ashish  Reddy,12,5,6.4,70,3,10,23.33,10.5,13.33,0,0
100,Pawan  Suyal,1,1,3,21,1,9,21,7,18,0,0
1,Axar  Patel,17,17,66,405,17,157,23.82,6.13,23.29,0,0
2,Sunil  Narine,16,16,64,407,21,157,19.38,6.35,18.28,2,0
3,Bhuvneshwar  Kumar,14,14,53.1,354,20,152,17.7,6.65,15.95,1,0
4,Morne  Morkel,12,12,48,367,12,148,30.58,7.64,24,0,0
5,Dale  Steyn,14,14,56,431,11,145,39.18,7.69,30.54,0,0
6,Harbhajan  Singh,14,14,55,356,14,138,25.42,6.47,23.57,0,0
7,Mitchell  Johnson,14,14,53.3,444,17,135,26.11,8.29,18.88,0,0
8,Ravichandran  Ashwin,16,16,59.5,437,16,130,27.31,7.3,22.43,0,0
9,Mitchell  Starc,14,14,53.4,402,14,127,28.71,7.49,23,0,0
10,Mohit  Sharma,16,16,53.5,452,23,118,19.65,8.39,14.04,1,0
11,Yuzvendra  Chahal,14,14,55,386,12,115,32.16,7.01,27.5,0,0
12,Karn  Sharma,14,14,50.4,376,15,114,25.06,7.42,20.26,1,0
13,Shakib  Al Hasan,13,13,50,334,11,113,30.36,6.68,27.27,0,0
14,Ishwar  Pandey,13,12,42,318,6,112,53,7.57,42,0,0
15,Sandeep  Sharma,11,11,40.1,354,18,109,19.66,8.81,13.38,0,0
16,Ravindra  Jadeja,16,16,54.2,443,19,102,23.31,8.15,17.15,2,0
17,Mohammed  Shami,12,12,44,369,7,102,52.71,8.38,37.71,0,0
18,Lasith  Malinga,10,10,39.1,253,16,99,15.81,6.45,14.68,1,0
19,Umesh  Yadav,12,12,45,367,11,95,33.36,8.15,24.54,0,0
20,Jasprit  Bumrah,11,11,39.4,301,5,92,60.2,7.58,47.6,0,0
21,Varun  Aaron,10,10,36.4,299,16,90,18.68,8.15,13.75,0,0
22,Pravin  Tambe,13,13,49,356,15,89,23.73,7.26,19.6,1,0
23,Rishi  Dhawan,13,13,47.2,365,13,85,28.07,7.71,21.84,0,0
24,Wayne  Parnell,8,8,30.1,223,6,82,37.16,7.39,30.16,0,0
25,Piyush  Chawla,11,11,39.3,303,14,79,21.64,7.67,16.92,0,0
26,Lakshmipathy  Balaji,9,9,34,299,12,72,24.91,8.79,17,1,0
27,James  Faulkner,13,13,43,419,11,72,38.09,9.74,23.45,0,0
28,Dhawal  Kulkarni,8,8,27,221,6,70,36.83,8.18,27,0,0
29,Ben  Hilfenhaus,8,8,28,246,8,70,30.75,8.78,21,0,0
30,Shahbaz  Nadeem,11,11,38,311,8,66,38.87,8.18,28.5,0,0
31,Amit  Mishra,10,10,37.3,340,7,66,48.57,9.06,32.14,0,0
32,Ashok  Dinda,9,9,31,270,5,64,54,8.7,37.2,0,0
33,Kane  Richardson,7,7,27,206,9,62,22.88,7.62,18,0,0
34,JP  Duminy,14,11,33,240,3,60,80,7.27,66,0,0
35,Jaydev  Unadkat,9,9,31.1,270,9,59,30,8.66,20.77,0,0
36,Shane  Watson,13,9,21,165,7,57,23.57,7.85,18,0,0
37,Zaheer  Khan,6,6,22.2,146,5,56,29.2,6.53,26.8,0,0
38,Rajat  Bhatia,12,12,38,283,12,56,23.58,7.44,19,0,0
39,Vinay  Kumar,9,9,32,281,7,56,40.14,8.78,27.42,0,0
40,Parvinder  Awana,7,7,23.3,245,7,48,35,10.42,20.14,0,0
41,Karanveer  Singh,5,5,20,164,11,42,14.9,8.2,10.9,1,0
42,Irfan  Pathan,10,10,23.4,205,4,41,51.25,8.66,35.5,0,0
43,Samuel  Badree,4,4,14,97,2,40,48.5,6.92,42,0,0
44,Albie  Morkel,7,6,16,126,4,40,31.5,7.87,24,0,0
45,Jacques  Kallis,8,8,22,186,4,39,46.5,8.45,33,0,0
46,Imran  Tahir,6,6,20.5,171,9,38,19,8.2,13.88,0,0
47,Muttiah  Muralitharan,5,5,16,124,3,36,41.33,7.75,32,0,0
48,Corey  Anderson,12,9,18,184,4,35,46,10.22,27,0,0
49,Kevon  Cooper,5,5,18,134,4,34,33.5,7.44,27,0,0
50,Suresh  Raina,16,8,18,134,1,34,134,7.44,108,0,0
51,Shivam  Sharma,4,4,16,121,3,34,40.33,7.56,32,0,0
52,Praveen  Kumar,3,3,12,78,3,33,26,6.5,24,0,0
53,Yuvraj  Singh,14,10,22.4,187,5,33,37.4,8.25,27.2,1,0
54,Kieron  Pollard,15,12,25,262,2,33,131,10.48,75,0,0
55,Shreyas  Gopal,4,4,14,113,6,30,18.83,8.07,14,0,0
56,Ashish  Nehra,4,4,15,142,8,30,17.75,9.46,11.25,0,0
57,Ishant  Sharma,3,3,11,101,3,26,33.66,9.18,22,0,0
58,Tim  Southee,3,3,10,76,0,25,-,7.6,-,0,0
59,Abu  Nechim,4,4,14.2,113,3,25,37.66,7.88,28.66,0,0
60,Beuran  Hendricks,3,3,12,126,4,25,31.5,10.5,18,0,0
61,Siddarth  Kaul,5,5,13,126,2,24,63,9.69,39,0,0
62,Ankit  Sharma,3,2,8,43,4,22,10.75,5.37,12,0,0
63,Laxmi  Ratan Shukla,6,5,9.2,83,1,22,83,8.89,56,0,0
64,Harshal  Patel,3,3,11,113,4,22,28.25,10.27,16.5,0,0
65,Rahul  Tewatia,3,3,9,59,2,21,29.5,6.55,27,0,0
66,Moises  Henriques,4,4,10,96,4,20,24,9.6,15,0,0
67,Darren  Sammy,10,8,14,157,3,20,52.33,11.21,28,0,0
68,Ravi  Rampaul,2,2,6,37,1,18,37,6.16,36,0,0
69,Stuart  Binny,13,8,9,64,3,18,21.33,7.11,18,0,0
70,Rahul  Shukla,3,3,9,98,2,18,49,10.88,27,0,0
71,Dwayne  Smith,16,5,10,95,4,15,23.75,9.5,15,0,0
72,Krishmar  Santokie,2,2,8,90,3,15,30,11.25,16,0,0
73,Parveez  Rasool,3,3,9,83,1,14,83,9.22,54,0,0
74,Jimmy  Neesham,4,4,9,91,1,14,91,10.11,54,0,0
75,Glenn  Maxwell,16,7,11,132,1,14,132,12,66,0,0
76,Ryan  ten Doeschate,10,4,5,35,1,13,35,7,30,0,0
77,Nathan  Coulter-Nile,2,1,4,27,2,12,13.5,6.75,12,0,0
78,Pat  Cummins,1,1,4,29,1,12,29,7.25,24,0,0
79,Murali  Kartik,2,2,8,91,1,10,91,11.37,48,0,0
80,Ben  Cutting,1,1,4,31,1,9,31,7.75,24,0,0
81,John  Hastings,1,1,3,29,1,9,29,9.66,18,0,0
82,Rahul  Sharma,2,2,6,65,1,9,65,10.83,36,0,0
83,Pawan  Negi,2,2,7,75,0,8,-,10.71,-,0,0
84,Pawan  Suyal,1,1,3,35,1,8,35,11.66,18,0,0
85,Marchant  de Lange,1,1,4,32,2,7,16,8,12,0,0
86,Vikramjeet  Malik,1,1,3,29,1,7,29,9.66,18,0,0
87,Andre  Russell,2,2,5,52,1,6,52,10.4,30,0,0
88,Jason  Holder,1,1,3,35,1,6,35,11.66,18,0,0
89,David  Hussey,5,1,2.5,38,2,5,19,13.41,8.5,0,0
90,Rohit  Sharma,15,2,3,26,1,4,26,8.66,18,0,0
91,Shadab  Jakati,1,1,3.4,41,0,4,-,11.18,-,0,0
92,Sachin  Rana,9,2,2,16,0,3,-,8,-,0,0
93,Venugopal  Rao,7,2,2,16,0,3,-,8,-,0,0
94,Manoj  Tiwary,8,1,2,28,0,3,-,14,-,0,0
95,Suryakumar  Yadav,16,1,1,8,0,2,-,8,-,0,0
96,Iqbal  Abdulla,1,1,2,17,0,2,-,8.5,-,0,0
97,Lendl  Simmons,8,1,3,34,1,2,34,11.33,18,0,0
98,Murali  Vijay,11,1,1,13,0,2,-,13,-,0,0
99,Yusuf  Pathan,15,1,1,10,0,1,-,10,-,0,0
100,Vijay  Shankar,1,1,1,19,0,1,-,19,-,0,0
1,Ashish  Nehra,16,16,62,449,22,170,20.4,7.24,16.9,1,0
2,Sandeep  Sharma,14,14,50,350,13,142,26.92,7,23.07,1,0
3,Lasith  Malinga,15,15,60,444,24,140,18.5,7.4,15,1,0
4,Bhuvneshwar  Kumar,14,14,51.4,407,18,126,22.61,7.87,17.22,0,0
5,Mohit  Sharma,16,16,57,481,14,121,34.35,8.43,24.42,0,0
6,Mitchell  McClenaghan,12,12,47,386,18,118,21.44,8.21,15.66,0,0
7,Nathan  Coulter-Nile,11,11,42.3,321,15,117,21.4,7.55,17,1,0
8,Harbhajan  Singh,15,15,57,446,18,117,24.77,7.82,19,0,0
9,Ravichandran  Ashwin,14,13,39,228,10,114,22.8,5.84,23.4,0,0
10,Chris  Morris,11,11,42,311,13,113,23.92,7.4,19.38,1,0
11,Mitchell  Starc,13,12,43,291,20,105,14.55,6.76,12.9,1,0
12,Anureet  Singh,14,14,51.4,465,15,105,31,9,20.66,0,0
13,Harshal  Patel,15,14,43.5,328,17,103,19.29,7.48,15.47,0,0
14,Dhawal  Kulkarni,11,11,35,277,13,95,21.3,7.91,16.15,0,0
15,Andre  Russell,13,13,40.4,324,14,94,23.14,7.96,17.42,0,0
16,Ishwar  Pandey,10,10,31,223,11,93,20.27,7.19,16.9,0,0
17,Vinay  Kumar,13,13,43.3,368,7,93,52.57,8.45,37.28,0,0
18,Umesh  Yadav,12,12,42,382,10,92,38.2,9.09,25.2,0,0
19,Yuzvendra  Chahal,15,14,46.5,415,23,90,18.04,8.86,12.21,0,0
20,Mitchell  Johnson,9,9,35.5,336,9,90,37.33,9.37,23.88,0,0
21,Dwayne  Bravo,17,16,52.2,426,26,88,16.38,8.14,12.07,0,0
22,James  Faulkner,13,13,45,426,8,88,53.25,9.46,33.75,0,0
23,Ravindra  Jadeja,17,15,42.4,330,11,84,30,7.73,23.27,1,0
24,Axar  Patel,14,14,46.4,392,13,83,30.15,8.4,21.53,0,0
25,Morne  Morkel,7,7,28,206,10,76,20.6,7.35,16.8,0,0
26,Amit  Mishra,12,12,40.1,310,9,75,34.44,7.71,26.77,0,0
27,Sunil  Narine,8,8,32,234,7,74,33.42,7.31,27.42,1,0
28,Zaheer  Khan,7,7,24.1,156,7,73,22.28,6.45,20.71,0,0
29,David  Wiese,14,13,42.2,353,16,73,22.06,8.33,15.87,1,0
30,Trent  Boult,7,7,28,236,9,71,26.22,8.42,18.66,0,0
31,Praveen  Kumar,12,12,36,329,7,71,47,9.13,30.85,0,0
32,Jagadeesha  Suchith,13,12,39,337,10,70,33.7,8.64,23.4,0,0
33,Pravin  Tambe,10,10,34,266,7,69,38,7.82,29.14,0,0
34,Tim  Southee,7,7,28,247,6,66,41.16,8.82,28,0,0
35,Piyush  Chawla,13,13,35,269,11,65,24.45,7.68,19.09,1,0
36,Karn  Sharma,14,14,39.5,332,10,65,33.2,8.33,23.9,0,0
37,Imran  Tahir,10,10,35.3,314,15,64,20.93,8.84,14.2,1,0
38,Shane  Watson,10,10,29,269,6,62,44.83,9.27,29,0,0
39,Angelo  Mathews,11,10,30,246,7,61,35.14,8.2,25.71,0,0
40,Moises  Henriques,9,9,25,158,11,57,14.36,6.32,13.63,0,0
41,Stuart  Binny,13,10,19,140,4,56,35,7.36,28.5,0,0
42,Pawan  Negi,10,10,30,252,6,53,42,8.4,30,0,0
43,Brad  Hogg,6,6,21,144,9,50,16,6.85,14,1,0
44,Sreenath  Arvind,5,5,18,132,8,47,16.5,7.33,13.5,1,0
45,Iqbal  Abdulla,5,5,19,150,4,46,37.5,7.89,28.5,0,0
46,Domnic  Joseph,6,6,14,101,4,44,25.25,7.21,21,0,0
47,Varun  Aaron,6,5,17.2,177,3,44,59,10.21,34.66,0,0
48,Dale  Steyn,6,6,19,170,3,38,56.66,8.94,38,0,0
49,Ravi  Bopara,9,7,20,160,6,37,26.66,8,20,0,0
50,Shakib  Al Hasan,4,4,14,123,4,34,30.75,8.78,21,0,0
51,JP  Duminy,14,9,17,126,8,33,15.75,7.41,12.75,1,0
52,Ishant  Sharma,4,4,14,159,1,30,159,11.35,84,0,0
53,Ankit  Sharma,4,4,14,114,3,29,38,8.14,28,0,0
54,Hardik  Pandya,9,8,17,176,1,29,176,10.35,102,0,0
55,Beuran  Hendricks,4,4,13,109,5,27,21.8,8.38,15.6,0,0
56,Abu  Nechim,3,3,12,128,1,26,128,10.66,72,0,0
57,Deepak  Hooda,14,7,15.1,129,1,25,129,8.5,91,0,0
58,Suresh  Raina,17,5,12,93,2,24,46.5,7.75,36,0,0
59,Jasprit  Bumrah,4,4,15,184,3,24,61.33,12.26,30,0,0
60,Albie  Morkel,4,4,12,109,3,22,36.33,9.08,24,0,0
61,Pat  Cummins,3,3,10,97,1,22,97,9.7,60,0,0
62,Karanveer  Singh,4,4,14,157,1,22,157,11.21,84,0,0
63,Jayant  Yadav,3,3,7,29,2,21,14.5,4.14,21,0,0
64,Shahbaz  Nadeem,4,2,7,43,0,21,-,6.14,-,0,0
65,Rishi  Dhawan,5,5,12,110,1,20,110,9.16,72,0,0
66,Gurkeerat  Mann Singh,5,3,9,66,3,19,22,7.33,18,0,0
67,Johan  Botha,4,4,10,81,1,19,81,8.1,60,0,0
68,Pawan  Suyal,3,3,10,95,0,19,-,9.5,-,0,0
69,Glenn  Maxwell,11,7,10,97,2,19,48.5,9.7,30,0,0
70,Bipul  Sharma,4,3,7,50,3,17,16.66,7.14,14,0,0
71,Marchant  de Lange,1,1,4,30,0,15,-,7.5,-,0,0
72,Kieron  Pollard,16,8,12.4,120,3,14,40,9.47,25.33,0,0
73,Parveez  Rasool,2,2,5,31,1,12,31,6.2,30,0,0
74,Yusuf  Pathan,13,5,10,97,2,12,48.5,9.7,30,0,0
75,Yuvraj  Singh,14,6,9,72,1,11,72,8,54,0,0
76,Corey  Anderson,4,2,4,33,1,10,33,8.25,24,0,0
77,Ashish  Reddy,6,4,6,50,3,9,16.66,8.33,12,0,0
78,Thisara  Perera,2,2,6,55,1,9,55,9.16,36,0,0
79,Gurinder  Sandhu,3,2,8,82,1,9,82,10.25,48,0,0
80,Rajat  Bhatia,2,2,5,46,0,7,-,9.2,-,0,0
81,Jaydev  Unadkat,1,1,3,30,0,7,-,10,-,0,0
82,Rahul  Tewatia,1,1,3,31,1,6,31,10.33,18,0,0
83,Sean  Abbott,2,2,5,57,0,6,-,11.4,-,0,0
84,Barinder  Sran,1,1,3,35,0,5,-,11.66,-,0,0
85,Shardul  Thakur,1,1,3,38,1,5,38,12.66,18,0,0
86,Azhar  Mahmood,1,1,3,41,0,5,-,13.66,-,0,0
87,Murali  Vijay,11,2,4,28,0,4,-,7,-,0,0
88,Dwayne  Smith,16,1,2,17,1,4,17,8.5,12,0,0
89,Juan  Theron,1,1,4,40,1,4,40,10,24,0,0
90,Ronit  More,2,2,5.5,59,1,4,59,10.11,35,0,0
91,Ashok  Dinda,2,2,5,62,0,4,-,12.4,-,0,0
92,Ryan  ten Doeschate,6,1,1,4,0,3,-,4,-,0,0
93,Chris  Gayle,14,1,2,15,0,3,-,7.5,-,0,0
94,KC  Cariappa,1,1,2,28,1,3,28,14,12,0,0
95,Shivam  Sharma,1,1,3,44,1,3,44,14.66,18,0,0
96,Virat  Kohli,16,2,1.5,10,0,2,-,5.45,-,0,0
97,Darren  Sammy,2,2,3,25,0,2,-,8.33,-,0,0
98,Shreyas  Gopal,1,1,2.1,23,1,2,23,10.61,13,0,0
99,Pragyan  Ojha,1,1,2,23,0,1,-,11.5,-,0,0
1,Bhuvneshwar  Kumar,17,17,66,490,23,156,21.3,7.42,17.21,1,0
2,Mustafizur  Rahman,16,16,61,421,17,137,24.76,6.9,21.52,0,0
3,Praveen  Kumar,16,16,51.3,401,9,132,44.55,7.78,34.33,0,0
4,Dhawal  Kulkarni,14,14,49,364,18,130,20.22,7.42,16.33,1,0
5,Mitchell  McClenaghan,14,14,53.2,436,17,128,25.64,8.17,18.82,1,0
6,Sandeep  Sharma,14,14,50,366,15,127,24.4,7.32,20,0,0
7,Shane  Watson,16,16,56.3,485,20,121,24.25,8.58,16.95,1,0
8,Zaheer  Khan,12,12,43.4,337,10,111,33.7,7.71,26.2,0,0
9,Sunil  Narine,11,11,42.5,304,11,110,27.63,7.09,23.36,0,0
10,Jasprit  Bumrah,14,14,52,406,15,108,27.06,7.8,20.8,0,0
11,Barinder  Sran,14,14,49.3,413,14,107,29.5,8.34,21.21,0,0
12,Chris  Morris,12,12,44,308,13,102,23.69,7,20.3,0,0
13,Yuzvendra  Chahal,13,13,49.1,401,21,100,19.09,8.15,14.04,1,0
14,Tim  Southee,11,11,43,329,9,99,36.55,7.65,28.66,0,0
15,Mohit  Sharma,14,14,48.3,407,13,97,31.3,8.39,22.38,0,0
16,Ravichandran  Ashwin,14,14,44,319,10,93,31.9,7.25,26.4,1,0
17,Amit  Mishra,14,14,46,344,13,93,26.46,7.47,21.23,1,0
18,Dwayne  Bravo,15,15,56,494,17,93,29.05,8.82,19.76,1,0
19,Axar  Patel,14,14,47.5,388,13,91,29.84,8.11,22.07,1,0
20,Andre  Russell,12,12,36.3,291,15,90,19.4,7.97,14.6,1,0
21,Moises  Henriques,17,17,52,415,12,89,34.58,7.98,26,0,0
22,Morne  Morkel,10,10,35.3,297,10,89,29.7,8.36,21.3,0,0
23,Ashok  Dinda,9,9,30.3,231,11,84,21,7.57,16.63,0,0
24,Harbhajan  Singh,14,14,49,392,9,83,43.55,8,32.66,0,0
25,Piyush  Chawla,12,11,35.2,273,11,81,24.81,7.72,19.27,0,0
26,Ashish  Nehra,8,8,26,199,9,72,22.11,7.65,17.33,0,0
27,Ravindra  Jadeja,15,14,40.1,311,8,71,38.87,7.74,30.12,0,0
28,Sreenath  Arvind,9,9,29.1,216,11,65,19.63,7.4,15.9,0,0
29,Shakib  Al Hasan,10,9,31,243,5,58,48.6,7.83,37.2,0,0
30,Thisara  Perera,12,11,33.1,326,9,56,36.22,9.82,22.11,0,0
31,Murugan  Ashwin,10,10,28.3,241,7,55,34.42,8.45,24.42,0,0
32,Rajat  Bhatia,10,10,34,244,6,54,40.66,7.17,34,0,0
33,Krunal  Pandya,12,11,31.1,236,6,53,39.33,7.57,31.16,0,0
34,Chris  Jordan,9,9,28,258,11,49,23.45,9.21,15.27,1,0
35,Shivil  Kaushik,7,7,23,192,6,48,32,8.34,23,0,0
36,Varun  Aaron,8,8,23.4,227,2,48,113.5,9.59,71,0,0
37,Umesh  Yadav,9,9,26,234,10,46,23.4,9,15.6,0,0
38,Carlos  Brathwaite,8,8,23.1,189,7,41,27,8.15,19.85,0,0
39,Dwayne  Smith,12,8,18,153,8,40,19.12,8.5,13.5,1,0
40,Marcus  Stoinis,7,7,23,194,8,39,24.25,8.43,17.25,1,0
41,Mohammed  Shami,8,8,25.1,244,5,39,48.8,9.69,30.2,0,0
42,Jayant  Yadav,5,5,17,125,2,38,62.5,7.35,51,0,0
43,Nathan  Coulter-Nile,4,4,15,114,3,37,38,7.6,30,0,0
44,Ishant  Sharma,4,4,15,148,3,37,49.33,9.86,30,0,0
45,Iqbal  Abdulla,8,8,25,213,6,35,35.5,8.52,25,0,0
46,KC  Cariappa,5,5,17,159,3,35,53,9.35,34,0,0
47,Kane  Richardson,4,4,14,136,7,34,19.42,9.71,12,0,0
48,Adam  Zampa,5,5,17,115,12,32,9.58,6.76,8.5,0,1
49,Shahbaz  Nadeem,4,4,15,127,2,31,63.5,8.46,45,0,0
50,Brad  Hogg,5,5,16,142,4,31,35.5,8.87,24,0,0
51,Shadab  Jakati,6,6,20,178,2,30,89,8.9,60,0,0
52,Hardik  Pandya,11,10,16.4,153,3,29,51,9.18,33.33,0,0
53,RP  Singh,4,4,12,111,3,29,37,9.25,24,0,0
54,Mitchell  Marsh,3,3,9,45,4,28,11.25,5,13.5,0,0
55,Stuart  Binny,14,11,17,134,1,28,134,7.88,102,0,0
56,Kuldeep  Yadav,3,3,12,100,6,28,16.66,8.33,12,0,0
57,Harshal  Patel,5,5,14,147,1,28,147,10.5,84,0,0
58,Kyle  Abbott,5,5,16,177,2,28,88.5,11.06,48,0,0
59,Jason  Holder,4,4,13,103,2,27,51.5,7.92,39,0,0
60,Pravin  Tambe,7,7,16,143,5,26,28.6,8.93,19.2,0,0
61,Tabraiz  Shamsi,4,4,16,147,3,26,49,9.18,32,0,0
62,Vinay  Kumar,3,3,9,64,3,25,21.33,7.11,18,0,0
63,Imran  Tahir,4,4,16,138,5,25,27.6,8.62,19.2,0,0
64,Pradeep  Sahu,5,5,17.3,146,3,24,48.66,8.34,35,0,0
65,Ben  Cutting,4,4,11.1,80,5,23,16,7.16,13.4,0,0
66,John  Hastings,2,2,6.4,37,2,22,18.5,5.55,20,0,0
67,Parveez  Rasool,4,4,14,129,1,22,129,9.21,84,0,0
68,Chris  Gayle,10,4,10,63,2,21,31.5,6.3,30,0,0
69,Deepak  Hooda,17,6,13,97,3,21,32.33,7.46,26,0,0
70,Bipul  Sharma,7,6,14,121,3,21,40.33,8.64,28,0,0
71,Mitchell  Johnson,3,3,11,106,2,21,53,9.63,33,0,0
72,James  Faulkner,7,7,17,167,2,21,83.5,9.82,51,0,0
73,Karn  Sharma,5,5,16.2,171,0,19,-,10.46,-,0,0
74,Irfan  Pathan,4,3,8,61,0,18,-,7.62,-,0,0
75,Ankit  Rajpoot,4,4,11,98,3,18,32.66,8.9,22,0,0
76,Ankit  Sharma,3,3,11,84,1,17,84,7.63,66,0,0
77,Glenn  Maxwell,11,7,9,80,0,16,-,8.88,-,0,0
78,Suresh  Raina,15,4,10,82,0,15,-,8.2,-,0,0
79,Yusuf  Pathan,15,4,6,33,1,14,33,5.5,36,0,0
80,Scott  Boland,2,2,7,54,2,14,27,7.71,21,0,0
81,Deepak  Chahar,2,2,5,41,0,13,-,8.2,-,0,0
82,Anureet  Singh,2,2,6,43,0,12,-,7.16,-,0,0
83,JP  Duminy,10,5,7,55,2,12,27.5,7.85,21,0,0
84,Rishi  Dhawan,2,2,7,56,2,12,28,8,21,0,0
85,Pawan  Negi,8,5,9,84,1,11,84,9.33,54,0,0
86,Trent  Boult,1,1,4,39,1,11,39,9.75,24,0,0
87,Pradeep  Sangwan,2,2,4,49,0,9,-,12.25,-,0,0
88,Albie  Morkel,2,2,5,66,2,9,33,13.2,15,0,0
89,Rajagopal  Sathish,4,3,6,59,1,8,59,9.83,36,0,0
90,Gurkeerat  Mann Singh,7,3,4,31,2,7,15.5,7.75,12,0,0
91,Yuvraj  Singh,10,5,6.1,52,0,7,-,8.43,-,0,0
92,Adam  Milne,1,1,4,43,1,7,43,10.75,24,0,0
93,David  Wiese,1,1,4,49,0,6,-,12.25,-,0,0
94,Sachin  Baby,11,2,1.4,8,2,5,4,4.8,5,0,0
95,Colin  Munro,4,2,2,15,0,5,-,7.5,-,0,0
96,Dale  Steyn,1,1,2,17,0,5,-,8.5,-,0,0
97,Ashish  Reddy,4,2,3.5,39,1,5,39,10.17,23,0,0
98,Jaydev  Unadkat,1,1,3,49,0,5,-,16.33,-,0,0
99,Shreyas  Gopal,1,1,3,18,0,4,-,6,-,0,0
100,Kieron  Pollard,13,4,6,81,0,4,-,13.5,-,0,0
1,Sunil  Narine,16,15,59,412,10,133,41.2,6.98,35.4,0,0
2,Jasprit  Bumrah,16,17,60.2,444,20,124,22.2,7.35,18.1,0,0
3,Rashid  Khan,14,14,54,358,17,121,21.05,6.62,19.05,0,0
4,Jaydev  Unadkat,12,12,45.5,322,24,119,13.41,7.02,11.45,0,1
5,Mitchell  McClenaghan,14,14,54,507,19,119,26.68,9.38,17.05,0,0
6,Bhuvneshwar  Kumar,14,14,52.2,369,26,117,14.19,7.05,12.07,0,1
7,Umesh  Yadav,14,14,48.3,410,17,117,24.11,8.45,17.11,1,0
8,Sandeep  Sharma,13,13,48,398,17,115,23.41,8.29,16.94,1,0
9,Ben  Stokes,12,12,44,316,12,108,26.33,7.18,22,0,0
10,Harbhajan  Singh,11,11,41,266,8,96,33.25,6.48,30.75,0,0
11,Imran  Tahir,12,12,47,369,18,94,20.5,7.85,15.66,0,0
12,Yuzvendra  Chahal,13,13,43.3,333,14,92,23.78,7.65,18.64,0,0
13,Lasith  Malinga,12,12,44.5,382,11,90,34.72,8.52,24.45,0,0
14,Chris  Woakes,13,13,44,386,17,87,22.7,8.77,15.52,0,0
15,Mohit  Sharma,14,14,45.4,410,13,87,31.53,8.97,21.07,0,0
16,Shardul  Thakur,12,12,38.1,315,11,85,28.63,8.25,20.81,0,0
17,Pat  Cummins,12,12,46.1,373,15,84,24.86,8.07,18.46,0,0
18,Axar  Patel,14,14,48,362,15,82,24.13,7.54,19.2,0,0
19,Washington  Sundar,11,10,30,185,8,81,23.12,6.16,22.5,0,0
20,Pawan  Negi,12,12,32.1,197,16,80,12.31,6.12,12.06,0,0
21,Amit  Mishra,14,14,38.5,343,10,78,34.3,8.83,23.3,0,0
22,Basil  Thampi,12,12,44.4,424,11,76,38.54,9.49,24.36,0,0
23,Karn  Sharma,9,9,30.4,214,13,75,16.46,6.97,14.15,1,0
24,Dan  Christian,13,13,40,298,11,74,27.09,7.45,21.81,0,0
25,Kuldeep  Yadav,12,11,41,340,12,74,28.33,8.29,20.5,0,0
26,Krunal  Pandya,13,13,40,273,10,73,27.3,6.82,24,0,0
27,Zaheer  Khan,11,11,40.1,313,10,72,31.3,7.79,24.1,0,0
28,Chris  Morris,9,9,31,240,12,71,20,7.74,15.5,1,0
29,Nathan  Coulter-Nile,8,8,28.2,228,15,70,15.2,8.04,11.33,0,0
30,Siddarth  Kaul,10,10,35.4,300,16,65,18.75,8.41,13.37,1,0
31,Samuel  Badree,7,7,25,188,9,62,20.88,7.52,16.66,1,0
32,Sreenath  Arvind,10,10,30.3,275,5,58,55,9.01,36.6,0,0
33,Ravindra  Jadeja,12,12,38,349,5,57,69.8,9.18,45.6,0,0
34,Mitchell  Johnson,5,5,20,141,7,55,20.14,7.05,17.14,0,0
35,Mohammed  Shami,8,8,26,243,5,55,48.6,9.34,31.2,0,0
36,Trent  Boult,6,6,23.5,216,5,53,43.2,9.06,28.6,0,0
37,Varun  Aaron,6,6,20,163,7,51,23.28,8.15,17.14,0,0
38,Kagiso  Rabada,6,6,21.2,188,6,48,31.33,8.81,21.33,0,0
39,Mohammed  Siraj,6,6,23,212,10,48,21.2,9.21,13.8,1,0
40,Shahbaz  Nadeem,7,7,17.5,119,6,47,19.83,6.67,17.83,0,0
41,Shane  Watson,8,8,26.5,245,5,47,49,9.13,32.2,0,0
42,Ashish  Nehra,6,6,21.1,197,8,47,24.62,9.3,15.87,0,0
43,Hardik  Pandya,17,13,26,213,6,45,35.5,8.19,26,0,0
44,Andrew  Tye,6,6,21,141,12,44,11.75,6.71,10.5,0,1
45,Pradeep  Sangwan,5,5,18,181,5,44,36.2,10.05,21.6,0,0
46,Aniket  Choudhary,5,5,16.5,144,5,42,28.8,8.55,20.2,0,0
47,Tymal  Mills,5,5,17.5,153,5,41,30.6,8.57,21.4,0,0
48,Lockie  Ferguson,4,4,13,93,3,40,31,7.15,26,0,0
49,Praveen  Kumar,6,6,16.3,151,6,40,25.16,9.15,16.5,0,0
50,Glenn  Maxwell,14,8,19,125,7,38,17.85,6.57,16.28,0,0
51,Adam  Zampa,6,6,19.5,163,7,38,23.28,8.21,17,0,0
52,Ankit  Soni,7,6,18.1,144,2,37,72,7.92,54.5,0,0
53,Piyush  Chawla,6,6,20,179,6,36,29.83,8.95,20,0,0
54,Dhawal  Kulkarni,6,6,18.5,173,3,35,57.66,9.18,37.66,0,0
55,Mohammad  Nabi,3,3,11,58,2,34,29,5.27,33,0,0
56,James  Faulkner,8,8,26.2,258,6,34,43,9.79,26.33,0,0
57,Colin  de Grandhomme,12,9,16,135,4,33,33.75,8.43,24,0,0
58,Ishant  Sharma,6,6,18,179,0,32,-,9.94,-,0,0
59,Bipul  Sharma,7,7,16.2,129,3,28,43,7.89,32.66,0,0
60,Ankit  Rajpoot,5,5,14,107,4,27,26.75,7.64,21,0,0
61,Moises  Henriques,12,12,24,248,1,27,248,10.33,144,0,0
62,Adam  Milne,4,4,14,134,3,25,44.66,9.57,28,0,0
63,T  Natarajan,6,6,12.4,115,2,24,57.5,9.07,38,0,0
64,Rahul  Tewatia,3,3,9,49,3,23,16.33,5.44,18,0,0
65,KC  Cariappa,4,4,15,127,4,22,31.75,8.46,22.5,0,0
66,Tim  Southee,3,3,10,96,3,21,32,9.6,20,0,0
67,Ashok  Dinda,3,3,10,119,1,21,119,11.9,60,0,0
68,Suresh  Raina,14,6,12,102,1,20,102,8.5,72,0,0
69,Ben  Cutting,4,4,12.4,123,1,20,123,9.71,76,0,0
70,Corey  Anderson,11,8,18.5,186,3,20,62,9.87,37.66,0,0
71,Billy  Stanlake,2,2,8,70,2,17,35,8.75,24,0,0
72,Dwayne  Smith,12,9,13,148,2,17,74,11.38,39,0,0
73,Rahul  Chahar,3,2,7,58,2,16,29,8.28,21,0,0
74,Nathu  Singh,2,2,4,15,1,13,15,3.75,24,0,0
75,Jayant  Yadav,2,2,6,42,0,13,-,7,-,0,0
76,Deepak  Chahar,3,3,7,74,1,12,74,10.57,42,0,0
77,Avesh  Khan,1,1,4,23,1,11,23,5.75,24,0,0
78,Munaf  Patel,2,2,7,57,1,10,57,8.14,42,0,0
79,Marcus  Stoinis,5,5,10.3,110,2,10,55,10.47,31.5,0,0
80,Rajat  Bhatia,3,3,7,55,2,9,27.5,7.85,21,0,0
81,Stuart  Binny,8,4,6,50,4,9,12.5,8.33,9,0,0
82,Yusuf  Pathan,15,4,4,41,1,8,41,10.25,24,0,0
83,Harshal  Patel,1,1,4,43,3,8,14.33,10.75,8,0,0
84,Swapnil  Singh,4,4,7,61,1,7,61,8.71,42,0,0
85,Travis  Head,7,5,8,81,2,7,40.5,10.12,24,0,0
86,Deepak  Hooda,10,3,4,42,2,7,21,10.5,12,0,0
87,Shubham  Agarwal,1,1,4,42,1,7,42,10.5,24,0,0
88,Matt  Henry,2,2,5,71,1,7,71,14.2,30,0,0
89,Tejas  Baroka,1,1,3.3,33,0,6,-,9.42,-,0,0
90,Vinay  Kumar,1,1,3,31,2,6,15.5,10.33,9,0,0
91,Iqbal  Abdulla,2,2,5,55,2,6,27.5,11,15,0,0
92,Carlos  Brathwaite,2,2,6,67,1,6,67,11.16,36,0,0
93,Shakib  Al Hasan,1,1,3,31,0,5,-,10.33,-,0,0
94,Marlon  Samuels,5,2,3,34,0,5,-,11.33,-,0,0
95,Shadab  Jakati,2,2,5,52,0,4,-,10.4,-,0,0
96,Irfan  Pathan,1,1,2,26,0,4,-,13,-,0,0
97,Barinder  Sran,1,1,2,29,0,4,-,14.5,-,0,0
98,Manpreet  Gony,1,1,2,32,0,4,-,16,-,0,0
99,Angelo  Mathews,3,2,5,56,0,3,-,11.2,-,0,0
100,Mustafizur  Rahman,1,1,2.4,34,0,3,-,12.75,-,0,0
